,SOI,NAO,PDO,AO,AMO,NINO34,PNA,WP,EA,EPO
1951-01,2.5,-0.42,-1.54,-0.085,0.096,26.04,-1.18,-0.07,-0.74,-0.81
1951-02,1.5,0.35,-1.06,-0.4,-0.008,26.65,-2.11,-0.58,-1.66,-1.32
1951-03,-0.2,-1.47,-1.9,-1.934,0.006,27.34,-1.09,-0.29,0.11,0.2
1951-04,-0.5,-0.38,-0.36,-0.776,0.162,27.88,0.47,-0.19,-2.31,0.02
1951-05,-1.1,-0.5,-0.25,-0.863,0.166,28.15,1.19,0.7,0.93,-0.04
1951-06,0.3,-1.35,-1.09,-0.918,0.283,28.13,-0.54,0.1,1.91,-0.62
1951-07,-1.7,1.39,0.7,0.09,0.415,27.97,-0.44,0.88,-0.86,0.98
1951-08,-0.4,-0.41,-1.37,-0.377,0.297,27.89,0.02,0.73,-3.26,0.41
1951-09,-1.8,-1.18,-0.08,-0.818,0.243,27.75,-0.08,-3.45,-0.26,1.42
1951-10,-1.6,2.54,-0.32,-0.213,0.252,27.96,0.43,-0.47,0.59,-0.11
1951-11,-1.3,-0.54,-0.28,-0.069,0.168,27.77,0.21,0.62,0.48,0.62
1952-01,-1.5,0.57,-2.01,0.368,0.165,27.36,-3.19,1.43,-1.07,1.59
1952-02,-1.0,-1.38,-0.46,-1.747,0.176,27.34,0.08,0.88,-1.46,-1.09
1952-03,0.9,-1.97,-0.63,-1.86,0.224,27.31,-0.69,0.06,0.16,-2.13
1952-04,-0.4,0.95,-1.05,0.538,0.184,28.3,0.89,0.28,0.12,-2.44
1952-05,1.2,-0.99,-1.0,-0.773,0.174,27.92,-0.79,0.93,0.24,0.06
1952-06,1.2,-0.1,-1.43,-0.441,0.376,27.24,0.53,1.08,-0.4,-0.25
1952-07,0.8,-0.06,-1.25,0.383,0.366,27.0,-1.57,-1.02,-1.26,1.3
1952-08,0.1,-0.49,-0.6,-0.03,0.397,27.0,0.77,-1.43,-0.95,1.35
1952-09,-0.4,-0.38,-0.89,-0.383,0.355,27.03,0.4,-1.94,-1.68,0.35
1952-10,0.6,-0.28,-0.35,-0.437,0.348,27.19,1.05,1.39,-0.42,1.1
1952-11,0.0,-1.32,-0.76,-1.891,0.244,26.89,0.77,0.61,-1.55,-0.62
1953-01,0.5,-0.12,-0.57,-1.036,0.258,27.44,0.18,-1.24,0.84,0.24
1953-02,-0.8,-1.0,-0.07,-0.249,0.178,27.43,1.04,1.38,-0.25,-1.51
1953-03,-0.3,-0.45,-1.12,1.068,0.134,27.61,-0.44,0.58,1.73,-2.29
1953-04,0.3,-1.96,0.05,-1.256,0.306,28.38,0.78,-1.86,-1.66,-0.07
1953-05,-2.8,-0.56,0.43,-0.562,0.335,28.53,1.14,-0.51,0.09,-0.63
1953-06,0.2,1.41,0.29,0.022,0.268,28.56,-1.6,-0.57,-0.71,3.88
1953-07,-0.0,0.43,0.74,0.333,0.337,27.96,0.27,-1.1,-0.71,0.99
1953-08,-2.0,-1.04,0.05,0.085,0.251,27.54,-1.15,1.04,-1.41,-0.54
1953-09,-2.1,-0.19,-0.63,0.662,0.273,27.94,-0.14,-0.86,0.58,0.12
1953-10,0.1,1.95,-1.09,-0.195,0.141,27.3,2.27,0.36,0.0,-0.52
1953-11,-0.5,0.96,-0.03,0.354,0.237,27.77,1.57,-0.44,0.16,-2.15
1954-01,1.1,-0.08,-1.32,-0.148,0.22,27.26,-2.11,-0.26,0.52,0.6
1954-02,-0.5,0.4,-1.61,-0.181,0.088,27.49,-0.48,-0.67,0.03,-1.75
1954-03,0.4,-1.27,-0.52,0.476,0.093,27.36,-1.44,0.66,0.48,1.51
1954-04,1.1,1.31,-1.33,0.512,-0.021,27.4,-2.86,-0.53,-0.29,0.08
1954-05,0.8,-0.03,0.01,-1.656,0.062,27.69,0.65,1.39,-2.13,0.2
1954-06,0.2,0.06,0.97,-0.268,0.092,27.4,0.09,-1.63,0.58,-1.64
1954-07,0.7,-0.57,0.43,0.341,-0.052,26.93,-0.14,-0.34,-1.5,-1.79
1954-08,1.8,-2.57,0.08,-0.122,-0.022,26.33,-0.11,1.89,0.29,0.83
1954-09,0.3,-0.28,-0.94,0.301,-0.018,26.09,-0.04,0.94,-1.04,0.31
1954-10,0.4,1.16,0.52,0.513,-0.04,26.69,0.99,-2.15,0.34,-0.53
1954-11,0.2,0.29,0.72,-0.328,-0.034,26.53,1.38,-0.88,-0.51,-0.48
1955-01,-0.9,-2.65,0.2,-1.163,0.068,26.5,-0.14,0.4,-0.79,-1.32
1955-02,3.1,-1.71,-1.52,-1.542,0.033,26.51,-2.62,-0.66,-1.69,-1.71
1955-03,1.1,-0.96,-1.26,-1.568,0.034,26.76,-2.47,0.51,0.25,-0.13
1955-04,-0.2,-0.6,-1.97,0.194,0.088,27.13,-0.24,1.18,-0.01,-1.35
1955-05,1.7,-0.26,-1.21,0.242,0.169,26.89,-0.42,-0.26,0.92,-1.61
1955-06,2.2,-0.8,-2.44,-0.266,0.186,27.23,0.11,0.7,1.43,-2.84
1955-07,2.6,1.78,-2.35,0.332,0.261,26.45,-1.32,1.72,0.55,-1.49
1955-08,2.4,1.25,-2.25,0.76,0.167,26.57,-0.55,-1.19,1.44,0.61
1955-09,2.2,0.46,-1.95,0.357,0.195,25.99,-0.22,1.29,-1.21,-0.15
1955-10,2.5,-1.09,-2.8,0.099,0.271,25.45,0.51,1.2,-0.39,-1.09
1955-11,2.0,-1.49,-3.08,-1.342,0.378,25.43,-0.93,-1.13,0.62,-0.37
1956-01,2.2,-0.76,-2.48,-1.204,0.179,25.72,-2.34,-2.87,-0.74,-0.39
1956-02,2.7,-1.71,-2.74,-2.029,0.087,26.46,-1.69,-1.65,-0.89,-1.99
1956-03,2.2,-0.46,-2.56,0.47,0.006,26.94,-0.97,0.11,0.33,-1.13
1956-04,1.5,-1.3,-2.17,-0.868,0.056,27.29,-0.17,0.73,-0.08,0.29
1956-05,2.3,2.1,-1.41,1.391,-0.066,27.54,-0.17,2.0,0.61,-0.05
1956-06,1.8,0.41,-1.7,0.28,-0.272,27.37,-0.08,-0.81,-1.47,-1.95
1956-07,1.8,-0.72,-1.03,-0.215,-0.098,26.94,-1.28,0.58,1.13,0.48
1956-08,2.0,-1.89,-1.16,-0.652,-0.106,26.57,-0.23,0.5,-0.16,1.92
1956-09,0.1,0.38,-0.71,-0.202,-0.097,26.48,0.42,-0.38,2.61,0.98
1956-10,2.9,1.47,-2.3,1.139,-0.051,26.57,-2.16,1.65,0.53,-1.43
1956-11,0.2,0.4,-2.11,-0.066,-0.095,26.48,1.0,-1.3,-1.51,-0.82
1957-01,1.0,0.71,-1.82,2.062,-0.089,26.77,-2.18,-0.47,0.69,1.42
1957-02,-0.1,-0.32,-0.68,-1.513,-0.114,27.1,-1.89,-1.96,-1.73,-0.98
1957-03,0.3,-1.73,0.03,-2.013,-0.027,27.61,0.78,-1.42,0.45,-0.56
1957-04,0.4,0.39,-0.58,0.238,-0.082,28.37,-0.41,0.52,-0.48,0.26
1957-05,-1.1,-0.68,0.57,-0.966,-0.129,28.72,1.24,0.46,-1.42,0.85
1957-06,0.3,-0.42,1.76,-0.76,-0.02,28.2,0.24,-2.0,2.45,1.71
1957-07,0.4,-1.16,0.72,-0.646,0.032,28.07,-0.11,-0.73,-0.54,-1.03
1957-08,-0.8,-0.83,0.51,0.097,0.194,28.3,-0.99,1.87,-1.81,0.49
1957-09,-1.5,-1.47,1.59,-0.956,0.213,27.76,-0.22,-1.76,-1.79,1.78
1957-10,0.1,1.95,1.5,0.903,0.141,28.01,0.46,1.13,0.57,0.84
1957-11,-1.6,0.63,-0.32,-1.38,0.076,28.12,0.49,-0.49,1.15,0.6
1958-01,-3.1,-1.14,0.25,-1.438,0.04,28.53,0.62,0.26,-0.21,-0.38
1958-02,-0.8,-1.64,0.62,-2.228,0.18,28.61,0.36,-1.33,-0.14,0.13
1958-03,0.4,-2.46,0.25,-2.522,0.336,28.52,0.18,0.76,2.15,0.45
1958-04,0.6,0.26,1.06,-0.36,0.338,28.45,0.31,0.89,0.38,0.73
1958-05,-0.8,-0.17,1.28,-0.336,0.193,28.53,0.66,1.91,-0.24,0.11
1958-06,0.5,-1.08,1.33,-1.149,0.213,28.31,1.48,1.51,0.38,3.0
1958-07,0.7,-1.69,0.89,-0.684,0.156,27.83,0.74,1.62,2.08,1.51
1958-08,1.5,-2.13,1.06,-0.755,0.152,27.64,2.13,-0.16,-0.81,0.14
1958-09,-0.5,0.08,0.29,-0.012,0.204,27.27,-0.05,-1.67,3.31,-0.13
1958-10,0.1,0.68,0.01,0.77,0.143,27.29,0.34,1.16,0.55,-0.29
1958-11,-0.7,1.59,-0.18,-0.011,0.176,27.47,0.08,1.34,0.56,0.73
1959-01,-1.5,-1.52,0.69,-2.013,0.091,27.72,-1.54,-0.91,-0.87,1.62
1959-02,-2.3,0.33,-0.43,2.545,0.106,27.62,-1.23,0.74,2.2,0.04
1959-03,2.1,-0.56,-0.95,1.432,-0.036,27.77,0.21,-0.51,0.39,-2.03
1959-04,0.7,0.25,-0.02,0.119,-0.013,28.21,-0.9,-0.05,-0.07,0.22
1959-05,0.8,0.41,0.23,-0.341,-0.002,28.33,-0.3,-0.64,-0.12,0.3
1959-06,-0.2,0.71,0.44,-0.033,-0.068,27.74,1.08,-1.05,0.82,1.19
1959-07,-0.4,0.77,-0.5,0.105,-0.041,27.22,-0.45,-0.72,0.57,-0.14
1959-08,-0.2,-0.05,-0.62,-0.745,0.003,27.02,1.03,-1.67,1.03,0.34
1959-09,0.0,1.0,-0.85,-0.281,0.116,26.93,1.19,-1.58,3.68,-0.43
1959-10,0.8,1.48,0.52,-0.249,0.103,27.13,0.23,-1.99,1.84,1.03
1959-11,1.5,0.3,1.11,-1.411,0.042,27.08,0.26,-1.31,-0.88,1.43
1960-01,0.2,-2.01,0.3,-2.484,0.167,26.77,-0.16,-0.03,0.06,-0.76
1960-02,0.2,-2.59,0.52,-2.212,0.207,26.89,-0.22,0.54,0.15,0.52
1960-03,1.7,-0.93,-0.21,-1.625,0.079,27.4,-0.69,-1.48,3.27,0.12
1960-04,1.3,1.33,0.09,-0.297,0.088,27.85,-0.07,-0.21,-0.6,-0.39
1960-05,0.9,0.47,0.91,-0.857,0.293,27.93,0.99,-0.1,-1.3,-0.74
1960-06,0.2,0.1,0.64,0.055,0.31,27.6,1.2,0.45,0.02,-0.71
1960-07,0.8,0.38,-0.27,-0.619,0.261,27.31,1.11,0.02,0.86,0.65
1960-08,1.3,-1.93,-0.38,-1.008,0.326,27.17,1.85,0.6,1.58,-0.08
1960-09,1.1,0.53,-0.94,-0.382,0.201,27.13,-0.01,0.4,-0.81,0.02
1960-10,0.2,-1.37,0.09,-1.187,0.287,26.96,0.48,0.84,0.59,0.38
1960-11,0.9,-0.67,-0.23,-0.553,0.241,26.84,-0.52,-0.51,0.81,-0.4
1961-01,-0.4,-0.03,1.18,-1.506,0.051,26.87,1.16,-0.61,-0.52,1.09
1961-02,1.5,0.07,0.43,0.621,0.071,27.06,0.17,-1.26,0.19,-1.5
1961-03,-3.0,0.17,0.09,0.341,0.139,27.2,0.28,-0.16,-0.62,-1.47
1961-04,1.3,-1.83,0.34,-0.237,0.217,27.64,-1.14,0.37,1.25,0.6
1961-05,0.5,-0.28,-0.06,0.158,0.184,27.9,-0.25,1.44,-0.38,0.26
1961-06,0.2,1.17,-0.61,0.837,0.023,28.0,1.84,1.47,-1.36,-0.61
1961-07,0.4,-0.36,-1.22,-0.108,-0.029,27.31,-0.52,2.13,0.36,-0.76
1961-08,0.2,1.03,-1.13,0.013,0.026,26.85,0.47,0.88,0.69,0.31
1961-09,0.1,1.36,-2.01,0.815,-0.007,26.6,1.1,1.09,1.78,-0.91
1961-10,-0.5,1.07,-2.28,0.203,0.019,26.57,-1.94,0.69,-1.05,-0.75
1961-11,0.9,-0.79,-1.85,-0.01,0.057,26.89,-0.4,0.14,-0.16,-1.92
1962-01,3.3,0.2,-1.29,1.644,0.139,26.49,-0.74,-1.92,-0.62,0.74
1962-02,-0.5,0.18,-1.15,-0.358,0.142,26.72,-0.54,-0.13,-0.12,1.66
1962-03,0.2,-2.99,-1.42,-2.848,0.155,27.13,-0.71,-0.3,-0.33,0.25
1962-04,0.3,0.93,-0.8,1.169,0.077,27.56,-1.5,-1.18,-0.29,0.56
1962-05,1.8,-0.04,-1.22,0.068,0.013,27.47,-1.11,0.24,0.24,0.26
1962-06,1.2,0.47,-1.62,0.287,-0.081,27.55,-0.97,2.0,1.01,0.26
1962-07,0.1,-2.43,-1.46,-0.926,-0.018,27.3,-0.36,1.13,-0.42,0.16
1962-08,1.0,0.05,-0.48,0.152,-0.073,27.03,0.57,1.6,1.4,-0.22
1962-09,0.7,-0.21,-1.58,-0.056,-0.006,26.65,-0.83,0.41,-0.13,-0.15
1962-10,1.6,0.96,-1.55,-0.016,0.055,26.72,1.33,0.62,1.19,0.1
1962-11,0.5,-0.38,-0.37,-1.112,0.036,26.69,0.53,0.16,-2.0,-0.5
1963-01,1.7,-2.98,-0.33,-3.311,0.147,26.41,0.09,-3.28,-0.09,1.0
1963-02,0.9,-1.53,-0.16,-1.721,0.155,26.74,0.79,-2.32,-1.07,1.07
1963-03,1.9,-0.85,-0.54,0.724,0.123,27.32,-2.04,-0.93,2.08,-1.31
1963-04,1.3,-1.61,-0.41,-0.348,0.093,27.84,-0.79,0.96,-0.46,-0.25
1963-05,0.6,2.05,-0.65,0.771,-0.095,27.87,-0.95,2.03,-1.84,0.57
1963-06,-0.8,-0.13,-0.88,-0.585,-0.058,27.62,0.5,2.72,0.97,-2.46
1963-07,-0.2,-0.74,-1.0,-0.303,-0.046,28.24,-1.1,1.99,0.85,-1.71
1963-08,0.0,-0.95,-1.03,-0.625,-0.084,27.91,-1.01,0.96,-0.08,1.74
1963-09,-1.0,1.89,0.45,0.083,-0.213,27.87,0.87,-0.12,-0.77,1.02
1963-10,-2.0,1.53,-0.52,1.069,-0.082,27.96,0.93,1.47,0.6,-1.47
1963-11,-1.4,-1.47,-2.08,-0.419,-0.068,27.8,-0.31,-1.45,0.51,-0.95
1964-01,-0.6,-1.62,0.01,0.385,-0.086,27.64,-0.44,-0.16,2.14,-1.95
1964-02,0.1,-2.06,-0.21,-0.575,0.01,27.53,1.36,0.01,-0.23,-2.52
1964-03,1.9,-1.66,-0.87,-0.558,0.028,27.29,-1.31,-0.29,1.42,-1.39
1964-04,1.8,0.25,-1.03,0.663,-0.157,27.48,-1.3,1.99,0.93,-2.03
1964-05,0.4,0.53,-1.91,1.174,0.03,27.3,-2.27,0.19,0.7,0.33
1964-06,1.2,1.61,-0.32,0.142,-0.007,27.02,0.27,-0.88,1.77,1.9
1964-07,0.9,1.92,-0.51,0.734,-0.155,26.8,0.2,1.86,0.36,-2.58
1964-08,2.5,-2.4,-1.03,-1.207,-0.245,26.35,0.83,1.23,3.04,0.78
1964-09,2.1,0.34,-0.68,-0.227,-0.231,26.03,0.92,0.46,0.8,0.16
1964-10,2.2,1.32,-0.37,0.342,-0.282,26.23,0.8,1.41,-0.42,0.17
1964-11,0.3,-0.14,-0.8,-0.344,-0.177,25.96,-0.78,-0.79,0.86,-0.74
1965-01,-0.7,-0.65,-1.24,-1.046,-0.21,26.34,-0.92,-1.0,-0.37,0.6
1965-02,0.7,-2.2,-1.16,-2.084,-0.188,26.78,-1.03,-1.04,1.46,-0.93
1965-03,1.2,-1.99,0.04,-0.905,-0.089,27.19,-0.8,-1.17,-1.84,2.23
1965-04,-0.9,0.64,0.62,0.568,-0.108,27.72,-1.07,0.49,0.67,1.02
1965-05,0.3,-0.52,-0.66,-0.152,-0.11,28.1,-0.42,1.18,2.95,0.07
1965-06,-0.9,0.6,-0.8,0.038,-0.138,28.4,1.89,1.19,1.33,-1.56
1965-07,-3.0,0.35,-0.47,-0.51,-0.199,28.24,-1.26,2.64,0.37,0.75
1965-08,-1.1,0.45,0.2,-0.255,-0.221,28.17,0.32,1.62,1.29,2.32
1965-09,-2.2,0.51,0.59,-0.698,-0.233,28.04,0.36,-1.29,0.66,2.26
1965-10,-1.5,0.92,-0.36,0.394,-0.259,28.45,1.42,1.57,3.08,0.85
1965-11,-2.4,-1.88,-0.59,-1.341,-0.288,28.35,-0.81,1.56,-0.4,0.21
1966-01,-2.2,-2.54,-0.82,-3.232,-0.087,27.94,-0.15,0.42,-0.49,-0.36
1966-02,-0.4,-2.02,-0.03,-1.438,-0.001,27.7,-2.05,0.73,-0.02,-0.55
1966-03,-1.5,0.18,-1.29,-0.911,-0.021,28.28,0.43,-0.76,1.5,-0.94
1966-04,-0.3,-0.96,0.06,-1.837,0.032,28.29,-0.54,0.08,0.08,1.96
1966-05,-0.7,0.25,-0.53,1.124,-0.01,27.78,-0.15,0.51,0.06,-0.67
1966-06,0.5,1.37,0.16,0.408,-0.057,28.13,0.1,-1.03,0.84,0.23
1966-07,0.1,0.35,0.26,0.011,-0.067,27.9,-1.18,2.82,-1.23,-0.57
1966-08,1.1,-2.39,-0.35,-0.945,-0.055,27.2,1.26,-0.34,1.87,0.63
1966-09,-0.4,-0.29,-0.33,0.011,-0.012,27.09,0.63,0.55,2.66,1.58
1966-10,-0.2,-0.23,-1.17,-1.077,0.002,26.99,-0.61,-0.96,0.87,0.46
1966-11,-0.0,-0.18,-1.15,0.111,-0.009,27.05,-1.96,0.95,-2.94,0.74
1967-01,2.8,-1.55,-0.2,-0.576,0.07,26.36,-1.16,0.86,0.34,-0.22
1967-02,2.8,-0.23,-0.18,1.18,0.076,26.5,-0.2,-0.0,-0.52,-0.56
1967-03,2.0,1.18,-1.2,1.967,-0.046,27.04,-2.25,0.02,-0.01,0.87
1967-04,-0.1,0.05,-0.89,1.7,-0.027,27.37,-1.91,1.51,-1.07,0.14
1967-05,-0.0,-0.87,-1.24,0.127,-0.199,27.87,-0.8,-1.38,-0.18,2.02
1967-06,1.1,1.72,-1.16,0.647,-0.273,27.93,-0.33,-0.4,1.86,0.88
1967-07,0.3,0.44,-0.89,0.259,-0.242,27.41,-1.24,0.31,1.25,-0.12
1967-08,1.2,1.73,-1.24,-0.293,-0.177,26.94,-0.35,0.15,-0.8,1.1
1967-09,0.8,1.05,-0.72,0.133,-0.109,26.64,0.11,0.01,0.83,0.35
1967-10,0.1,0.59,-0.64,1.299,-0.112,26.77,1.1,-0.8,-0.25,-0.24
1967-11,-0.7,0.5,-0.05,0.334,-0.246,26.81,-0.35,-0.59,-1.66,-0.03
1968-01,0.9,-0.36,-0.95,-0.409,-0.259,26.43,-1.78,-2.08,0.62,-0.24
1968-02,2.1,-1.91,-0.4,-2.154,-0.21,26.56,1.11,-3.18,-1.26,-0.65
1968-03,0.2,0.02,-0.31,1.741,-0.221,26.83,0.13,-0.04,2.16,0.05
1968-04,0.0,-1.32,-1.03,0.328,-0.168,27.5,-1.11,-0.91,-0.01,-2.88
1968-05,2.1,-1.58,-0.53,-0.241,-0.136,27.5,0.23,-0.93,0.16,1.07
1968-06,1.8,0.64,-0.35,0.42,-0.275,28.12,-0.08,-1.19,1.26,-0.73
1968-07,1.1,-0.77,0.53,-0.836,-0.242,27.78,-0.04,1.18,2.57,1.71
1968-08,0.4,-0.97,0.19,-0.671,-0.226,27.5,1.3,0.64,-0.46,0.75
1968-09,-0.4,-1.73,0.06,-1.009,-0.162,27.19,-0.87,-0.72,0.11,-0.91
1968-10,-0.1,-1.99,-0.34,-1.013,-0.126,27.5,0.45,0.97,1.59,-0.33
1968-11,-0.6,-1.11,-0.44,-2.183,-0.12,27.86,0.83,-0.97,2.2,-0.16
1969-01,-2.4,-1.48,-1.26,-2.968,-0.075,28.12,-2.96,-0.71,0.17,0.6
1969-02,-0.9,-2.2,-0.95,-3.114,0.092,28.24,-1.97,0.61,-2.12,-0.58
1969-03,0.7,-2.04,-0.5,-1.582,0.194,28.11,0.47,0.56,1.61,-0.02
1969-04,-0.6,1.52,-0.44,0.439,0.136,28.39,0.48,1.58,0.56,0.32
1969-05,-0.4,0.56,-0.2,-0.72,-0.002,28.64,1.02,1.65,0.99,1.0
1969-06,0.3,0.86,0.89,-0.348,0.016,28.23,2.11,1.37,2.16,3.19
1969-07,-0.8,0.6,0.1,0.409,0.081,27.61,0.51,-0.61,1.61,-1.13
1969-08,-0.2,-1.99,-0.81,-0.782,-0.114,27.66,-0.69,-2.18,-0.21,-0.14
1969-09,-1.6,2.17,-0.66,-0.083,-0.12,27.76,1.31,0.25,-0.68,0.09
1969-10,-1.5,1.23,1.12,0.098,-0.198,27.85,0.55,0.32,2.33,1.67
1969-11,-0.1,-1.14,0.15,0.326,-0.137,27.78,0.13,-0.36,-2.27,-0.11
1970-01,-1.9,-2.26,0.61,-2.412,-0.023,27.37,0.12,-2.17,-0.14,0.23
1970-02,-1.7,0.28,0.43,-1.325,-0.061,27.21,1.01,0.01,-1.15,0.61
1970-03,1.0,-1.41,1.33,-2.084,0.006,27.66,0.49,-0.29,-4.17,0.62
1970-04,-0.1,-1.56,0.43,0.302,0.007,28.18,-0.66,0.87,-0.18,-0.45
1970-05,0.6,1.11,-0.49,0.531,-0.059,28.05,-0.5,-0.15,-0.2,-0.57
1970-06,1.6,1.87,0.06,0.875,-0.195,27.61,0.23,-0.13,0.36,-0.72
1970-07,-0.6,0.13,-0.68,0.139,-0.213,27.07,0.74,1.0,1.15,-1.42
1970-08,1.0,0.0,-1.63,-0.263,-0.153,26.61,-0.6,1.01,2.4,0.93
1970-09,1.9,0.06,-1.67,0.03,-0.151,26.38,-0.39,-1.5,-0.12,-0.27
1970-10,1.7,-0.49,-1.39,0.098,-0.209,26.49,-0.95,1.4,0.46,-0.72
1970-11,2.6,-0.76,-0.8,0.378,-0.253,26.37,-1.15,0.5,-0.35,-0.05
1971-01,0.6,-1.82,-1.9,-0.163,-0.259,25.46,-2.43,-2.51,-1.57,0.05
1971-02,3.3,-0.17,-1.74,-0.922,-0.305,25.8,-0.16,-1.65,0.38,-1.99
1971-03,3.8,-1.28,-1.68,-1.091,-0.323,26.31,-0.28,-0.15,-0.32,-0.22
1971-04,2.8,-0.41,-1.59,-0.583,-0.426,27.07,0.23,-0.08,0.66,-1.95
1971-05,1.4,0.51,-1.55,0.679,-0.339,27.26,1.09,0.76,0.72,-1.14
1971-06,0.7,-1.28,-1.55,-0.668,-0.376,26.99,0.51,1.64,0.95,-0.28
1971-07,0.4,0.27,-2.2,-0.579,-0.362,26.82,-1.74,0.77,0.02,2.19
1971-08,2.5,1.87,-0.15,0.818,-0.448,26.56,-0.81,-0.87,1.67,1.78
1971-09,2.3,0.53,0.21,0.153,-0.379,26.37,0.15,-0.48,-0.3,-0.39
1971-10,2.8,1.14,-0.22,1.185,-0.248,26.34,-1.35,0.86,1.94,-0.49
1971-11,0.9,-0.34,-1.25,0.419,-0.256,26.41,-0.26,0.31,-1.35,-0.34
1972-01,0.8,-0.19,-1.99,0.167,-0.331,26.49,-2.46,-0.05,0.56,-0.46
1972-02,1.8,-0.08,-1.83,-0.195,-0.393,27.05,-2.27,-2.26,-1.07,0.15
1972-03,1.1,0.35,-2.09,-0.141,-0.452,27.45,-0.1,-1.87,2.15,-1.36
1972-04,-0.2,-0.38,-1.65,1.007,-0.339,28.21,-1.95,-0.01,-0.57,-1.52
1972-05,-2.6,0.93,-1.57,0.14,-0.482,28.41,0.21,1.23,0.03,0.31
1972-06,-0.9,1.19,-1.87,-0.049,-0.501,28.44,-0.15,2.06,0.91,-2.96
1972-07,-2.4,0.21,-0.83,-0.553,-0.388,28.36,-1.13,-0.32,-0.16,2.2
1972-08,-0.8,1.57,0.25,-0.082,-0.396,28.22,-0.04,1.09,-1.63,1.76
1972-09,-2.2,0.03,0.17,-0.92,-0.316,28.19,0.13,-1.61,1.22,0.93
1972-10,-1.5,1.7,0.11,0.392,-0.299,28.5,-1.49,0.51,0.47,1.48
1972-11,-0.6,0.43,0.57,-0.38,-0.29,28.62,0.53,0.19,-0.07,-0.32
1973-01,-0.5,-0.46,-0.46,1.232,-0.387,28.25,-0.88,0.47,1.06,-0.8
1973-02,-2.3,0.52,-0.61,0.786,-0.406,28.17,-0.14,1.12,-0.89,0.95
1973-03,1.2,-0.09,-0.5,0.537,-0.357,28.0,0.53,0.56,-0.35,-1.94
1973-04,0.1,-0.73,-0.69,-1.126,-0.277,27.62,0.11,1.33,-0.32,0.6
1973-05,0.7,-0.36,-0.76,0.073,-0.182,27.54,0.67,0.71,-0.71,-1.49
1973-06,1.8,0.7,-0.97,0.531,-0.188,27.11,1.01,-1.34,-0.0,-1.3
1973-07,1.0,0.6,-0.57,0.271,-0.117,26.6,-0.26,0.42,1.35,-1.27
1973-08,2.1,-0.2,-1.14,0.312,-0.146,26.25,-0.95,0.06,1.67,-0.1
1973-09,2.0,-0.15,-0.51,0.114,-0.144,26.0,-0.27,0.06,2.91,0.68
1973-10,1.3,-0.84,-0.87,0.337,-0.229,25.79,-0.74,0.9,1.34,-0.62
1973-11,4.3,-1.11,-1.81,0.002,-0.222,25.27,-1.66,0.29,-0.34,-0.27
1974-01,4.0,1.05,-1.22,0.232,-0.289,25.13,-1.54,-3.37,0.47,-0.65
1974-02,3.4,-0.6,-1.65,-0.489,-0.296,25.65,-1.5,-0.78,-1.65,-1.12
1974-03,4.0,-0.43,-0.9,-0.746,-0.414,26.23,-1.1,-1.26,-0.86,0.32
1974-04,1.6,0.41,-0.52,0.309,-0.536,26.9,-0.73,-0.19,1.3,-0.41
1974-05,1.6,-0.17,-0.28,-0.507,-0.513,27.1,-0.4,0.36,0.72,0.03
1974-06,0.7,0.17,-0.31,-0.048,-0.46,27.42,-1.36,-0.13,1.81,-2.29
1974-07,1.9,-0.73,-0.08,0.39,-0.528,26.77,-0.09,0.81,0.33,-1.52
1974-08,1.3,-0.95,0.27,-0.533,-0.481,26.92,0.9,0.24,0.94,2.42
1974-09,1.8,0.95,0.44,-0.136,-0.519,26.76,0.35,-0.4,-0.55,2.56
1974-10,1.5,1.04,-0.1,-1.024,-0.521,26.31,0.93,-0.22,-1.46,0.18
1974-11,-0.2,-0.7,0.43,-0.435,-0.439,26.22,0.53,0.42,-0.27,-1.75
1975-01,-0.8,0.17,-0.84,1.595,-0.286,26.59,-1.2,-0.46,-0.22,-1.52
1975-02,1.3,-1.15,-0.71,0.195,-0.351,26.68,-0.51,-0.77,1.35,-0.5
1975-03,2.6,-1.04,-0.51,0.151,-0.322,26.74,-0.81,-0.46,0.85,-0.14
1975-04,1.9,-1.89,-1.3,0.409,-0.358,27.27,-0.67,0.37,-1.69,-1.57
1975-05,1.1,-0.43,-1.02,-0.614,-0.401,27.2,0.6,-0.45,-0.51,-1.21
1975-06,2.1,-0.54,-1.16,-0.323,-0.308,26.7,-0.31,-0.61,0.97,-2.09
1975-07,3.1,1.57,-0.4,0.345,-0.285,26.51,-1.53,1.59,0.45,0.6
1975-08,3.3,-0.46,-1.07,0.13,-0.198,26.02,-1.1,0.32,2.24,0.99
1975-09,3.4,1.67,-1.23,1.278,-0.349,25.73,-0.23,0.22,-0.71,0.81
1975-10,2.8,-0.08,-1.29,0.138,-0.367,25.66,-0.65,-0.0,1.63,-0.56
1975-11,1.9,0.3,-2.08,0.619,-0.354,25.82,-0.63,1.04,0.32,-1.14
1976-01,2.3,-0.8,-1.14,0.034,-0.398,25.43,-0.25,-0.71,0.61,-0.3
1976-02,2.8,0.61,-1.85,1.656,-0.454,26.21,-2.38,-0.39,0.86,0.07
1976-03,2.9,0.38,-0.96,0.587,-0.507,26.78,-1.78,-0.06,-1.58,-0.83
1976-04,0.5,0.14,-0.89,0.44,-0.439,27.43,0.92,0.92,-0.68,-1.52
1976-05,0.6,0.94,-0.68,0.06,-0.501,27.57,0.58,1.19,-0.31,-0.9
1976-06,0.4,1.11,-0.67,0.328,-0.497,27.73,-1.32,1.28,2.24,-0.03
1976-07,-1.4,-0.29,0.61,-0.325,-0.32,27.63,-0.12,2.35,1.97,-1.21
1976-08,-1.3,2.34,1.28,0.559,-0.198,27.48,-0.62,1.22,-1.0,0.23
1976-09,-1.9,-1.11,0.82,-0.743,-0.206,27.58,-0.04,0.1,1.69,1.82
1976-10,0.7,0.42,1.11,-0.804,-0.306,27.9,0.91,-0.66,0.96,1.53
1976-11,1.2,0.04,1.25,-0.087,-0.429,27.98,1.72,0.23,-0.48,2.19
1977-01,-0.7,-1.72,1.65,-3.767,-0.402,27.73,1.6,-1.08,-0.49,0.75
1977-02,2.0,-1.0,1.11,-2.01,-0.346,27.51,2.43,0.08,-1.73,-1.4
1977-03,-0.9,-1.25,0.72,0.344,-0.196,27.79,-0.69,1.83,0.45,-1.44
1977-04,-0.7,0.56,0.3,1.329,-0.23,27.78,-0.32,0.97,-1.01,0.25
1977-05,-0.8,-0.75,0.31,0.104,-0.183,28.02,-0.56,-0.43,-1.21,-1.84
1977-06,-1.5,-0.27,0.42,-0.226,-0.12,28.26,0.57,0.17,0.3,-0.24
1977-07,-1.9,-0.42,0.19,-0.492,-0.119,28.09,-1.04,0.96,-0.01,0.03
1977-08,-1.3,-0.49,0.64,-1.412,-0.158,27.48,2.2,0.77,-1.13,1.69
1977-09,-1.3,0.51,-0.55,0.587,-0.245,27.69,-0.72,2.13,0.88,-0.47
1977-10,-1.7,1.08,-0.61,-0.009,-0.237,27.98,1.25,1.67,1.01,-0.29
1977-11,-2.1,-0.21,-0.72,0.605,-0.156,27.93,-0.22,-0.27,-0.87,0.05
1978-01,-0.5,0.26,0.34,-0.347,-0.119,27.69,0.13,-0.01,-0.63,2.76
1978-02,-4.4,-2.94,1.45,-3.014,-0.16,27.56,1.4,-0.15,-0.98,0.48
1978-03,-0.3,0.33,1.34,0.502,-0.171,27.63,-0.18,-1.26,-0.24,1.38
1978-04,-0.5,-1.42,1.29,-0.967,-0.208,27.52,-0.19,0.18,1.22,0.82
1978-05,2.2,1.05,0.9,0.059,-0.217,27.83,-0.73,-0.04,0.1,-0.23
1978-06,1.1,1.7,0.15,0.635,-0.346,27.56,-0.92,3.39,-0.14,0.5
1978-07,0.9,-1.11,-1.24,-0.604,-0.289,27.39,-2.43,2.46,0.38,1.7
1978-08,0.7,0.7,-0.56,-0.354,-0.24,26.72,0.02,0.66,1.73,0.77
1978-09,0.1,0.6,-0.44,-0.099,-0.203,26.98,1.38,0.92,0.83,-0.48
1978-10,-0.6,2.61,0.1,0.895,-0.22,26.94,0.69,-0.76,1.42,0.43
1978-11,-0.0,3.06,-0.07,2.47,-0.132,27.12,-0.48,0.1,1.1,1.28
1979-01,-0.7,-2.12,-0.58,-2.233,-0.205,27.22,-1.54,1.43,-0.79,2.12
1979-02,1.6,-1.2,-1.33,-0.697,-0.164,27.3,-2.73,-0.66,-0.2,-0.18
1979-03,0.2,0.41,0.3,-0.814,-0.241,27.68,0.08,-0.29,-0.1,0.83
1979-04,-0.2,-2.01,0.89,-1.157,-0.25,28.07,-0.15,0.85,0.15,0.66
1979-05,0.8,-0.9,1.09,-0.25,-0.13,28.12,1.27,-0.13,-0.83,-0.87
1979-06,1.1,1.92,0.17,0.933,-0.055,27.98,-1.64,1.56,0.78,-0.48
1979-07,2.2,0.86,0.84,0.038,-0.107,27.59,0.51,1.72,-0.44,-0.24
1979-08,-0.3,1.11,0.52,-0.684,-0.128,27.28,0.67,1.57,-0.42,1.82
1979-09,0.2,1.13,1.0,-0.046,-0.122,27.59,1.02,0.35,-0.26,0.58
1979-10,-0.2,0.18,1.06,-1.243,-0.1,27.43,1.85,0.71,0.65,0.87
1979-11,-0.7,0.42,0.48,0.475,-0.098,27.66,0.51,2.48,-1.54,0.92
1980-01,0.7,-1.38,-0.11,-2.066,-0.014,27.61,-1.01,-1.71,0.31,0.53
1980-02,0.5,-0.39,1.32,-0.934,-0.091,27.61,2.03,-0.5,-0.3,0.86
1980-03,-0.7,-0.73,1.09,-1.433,-0.151,27.79,-0.64,1.09,-1.42,0.15
1980-04,-1.0,1.26,1.49,-0.419,-0.013,28.14,1.66,0.72,0.3,-0.75
1980-05,-0.0,-1.34,1.2,-1.155,0.117,28.41,-0.16,1.85,0.24,-0.7
1980-06,-0.0,-0.07,-0.22,0.722,0.096,28.33,-0.81,3.29,-1.86,1.59
1980-07,-0.1,-0.39,0.23,-0.622,0.038,27.82,-0.81,0.36,0.45,-0.35
1980-08,0.6,-3.01,0.51,-0.185,0.011,27.14,-2.03,-1.39,1.18,-0.15
1980-09,-0.8,0.79,0.1,0.313,-0.02,27.07,-0.08,-1.68,-0.04,0.43
1980-10,0.0,-1.41,1.35,-0.521,-0.074,27.19,2.87,0.68,0.04,1.24
1980-11,-0.6,-0.52,0.37,-1.361,-0.209,27.41,1.28,0.33,1.35,0.15
1981-01,0.6,-0.08,0.59,-0.116,-0.189,26.72,2.46,-0.82,0.11,1.02
1981-02,-0.3,0.6,1.46,-0.332,-0.188,26.83,0.21,-0.3,-1.13,-0.03
1981-03,-2.1,-1.65,0.99,-1.645,-0.007,27.5,1.27,0.35,0.9,0.03
1981-04,-0.2,0.25,1.45,0.43,-0.103,27.45,-1.23,0.22,1.37,-0.19
1981-05,1.3,0.24,1.75,0.18,-0.091,27.89,1.83,0.16,0.07,0.48
1981-06,2.0,-0.15,1.69,-0.438,-0.07,27.7,-0.1,-2.09,-0.34,-0.82
1981-07,1.4,0.08,0.84,0.56,-0.102,27.17,-1.02,0.82,-1.08,-0.94
1981-08,1.2,0.38,0.18,-0.244,-0.123,27.1,-1.54,-0.96,-2.09,0.7
1981-09,0.5,-1.27,0.42,-1.04,-0.044,27.21,0.08,-0.59,-0.73,-0.4
1981-10,-0.6,-0.96,0.18,-1.167,-0.194,27.23,-1.43,-0.79,-2.08,-0.01
1981-11,0.3,-0.53,0.8,-0.188,-0.144,26.91,1.19,-0.51,-1.23,-1.5
1982-01,2.0,-1.55,0.34,-0.883,-0.089,27.24,-1.75,0.03,0.3,1.11
1982-02,0.4,0.86,0.2,0.974,-0.086,27.13,-1.2,-1.57,1.32,1.16
1982-03,1.0,0.8,0.19,1.074,-0.088,27.64,-1.66,0.84,0.75,0.41
1982-04,0.1,-0.04,-0.19,1.454,-0.19,28.27,-2.08,-0.52,-0.29,-0.98
1982-05,-0.6,-0.44,-0.58,-0.209,-0.199,28.71,-0.53,0.67,0.1,-1.29
1982-06,-1.7,-1.34,-0.78,-1.18,-0.192,28.83,2.17,1.88,2.17,0.1
1982-07,-2.5,1.18,0.58,0.005,-0.236,28.06,0.49,0.05,-0.2,0.44
1982-08,-2.9,0.21,0.39,0.362,-0.317,27.93,0.31,0.41,-0.11,0.54
1982-09,-2.9,1.86,0.84,0.558,-0.315,28.47,0.83,-0.03,-0.49,0.54
1982-10,-2.8,-0.29,0.37,-0.211,-0.379,28.86,-0.86,0.53,0.53,-0.57
1982-11,-4.3,1.55,-0.25,0.661,-0.425,28.72,-0.47,0.52,0.16,0.38
1983-01,-5.8,1.34,0.56,1.359,-0.306,28.85,0.87,-0.05,1.31,-0.31
1983-02,-6.0,-1.04,1.14,-1.806,-0.112,28.74,1.44,-0.89,0.47,-0.31
1983-03,-4.0,0.59,2.11,-0.567,0.073,28.77,2.03,-1.14,-0.03,-0.6
1983-04,-1.5,-1.07,1.87,-0.738,0.051,28.67,0.98,1.09,-1.85,-0.46
1983-05,1.0,-0.01,1.8,-0.441,-0.056,28.86,-0.08,0.5,-0.36,0.63
1983-06,0.1,1.31,2.36,0.312,-0.062,28.44,2.1,-1.78,0.75,-0.95
1983-07,-1.0,1.22,3.51,0.131,-0.023,27.59,0.82,0.37,-0.98,-1.67
1983-08,0.2,1.95,1.85,1.098,-0.166,27.26,0.5,-1.0,0.98,-1.43
1983-09,1.4,-0.95,0.91,0.167,-0.224,26.92,-1.37,-1.73,0.93,-0.56
1983-10,0.7,1.22,0.96,1.369,-0.203,26.31,0.26,0.54,0.37,-0.57
1983-11,-0.2,-1.16,1.02,-0.688,-0.166,26.28,1.75,-0.41,1.72,-0.5
1984-01,0.3,1.42,1.5,0.905,-0.114,26.38,0.6,-1.67,-2.06,-0.97
1984-02,1.4,0.37,1.21,-0.303,-0.096,26.78,0.73,-0.33,-1.78,-1.41
1984-03,-0.4,-0.79,1.77,-2.386,-0.133,27.01,1.08,-1.04,-2.14,0.98
1984-04,0.6,-0.45,1.52,-0.284,-0.165,27.35,1.41,-0.91,0.64,-1.7
1984-05,0.3,0.55,1.3,0.479,-0.174,27.49,0.37,-1.73,-1.72,-0.64
1984-06,-0.6,-0.12,0.18,0.007,-0.333,27.21,-0.36,0.8,-0.17,-0.76
1984-07,0.3,-0.04,-0.18,0.019,-0.274,27.18,-2.61,0.52,0.32,-0.1
1984-08,0.7,1.35,-0.03,0.466,-0.234,27.03,-1.14,0.24,2.08,0.85
1984-09,0.2,0.31,0.67,-0.413,-0.217,27.02,-0.02,0.17,-0.63,1.25
1984-10,-0.5,0.43,0.58,-0.27,-0.352,26.65,-0.53,-1.51,-0.17,-0.49
1984-11,0.4,-0.2,0.71,-0.966,-0.432,26.35,0.39,0.16,1.18,-0.94
1985-01,-0.5,-2.38,1.27,-2.806,-0.363,26.37,1.44,-0.61,-0.34,1.0
1985-02,2.0,-1.0,0.94,-1.44,-0.338,26.42,-0.99,-1.12,0.38,-2.41
1985-03,1.3,-0.19,0.57,0.551,-0.365,26.73,-1.19,1.81,0.18,-0.67
1985-04,1.9,0.2,0.19,0.652,-0.409,27.01,-1.27,-0.53,0.48,-1.64
1985-05,0.7,-0.4,0.0,-0.432,-0.346,27.3,-0.82,0.72,-0.14,-0.31
1985-06,-0.6,-0.5,0.18,-0.347,-0.136,27.18,1.28,0.37,1.06,-0.75
1985-07,-0.2,1.25,1.07,-0.39,-0.161,27.23,-0.19,0.24,1.71,1.93
1985-08,1.6,-0.74,0.81,-0.001,-0.29,27.03,-0.53,0.31,0.63,1.15
1985-09,0.0,-0.36,0.44,0.114,-0.256,26.96,-0.63,-0.4,0.54,-0.22
1985-10,-0.6,1.49,0.29,1.035,-0.254,26.99,-1.5,0.09,1.69,-0.75
1985-11,-0.3,-0.84,-0.75,-1.218,-0.304,27.04,-1.83,-0.97,-0.88,1.25
1986-01,1.6,0.78,1.12,-0.568,-0.352,26.67,0.6,-0.36,-1.11,0.52
1986-02,-1.7,-1.58,1.61,-2.904,-0.284,26.94,0.41,-1.97,-0.07,0.83
1986-03,0.8,1.39,2.18,1.931,-0.301,27.32,0.51,-1.16,1.35,0.07
1986-04,0.5,-0.79,1.55,0.103,-0.333,27.72,-0.15,0.04,-1.62,-1.56
1986-05,-0.4,0.84,1.16,0.367,-0.237,27.96,-0.03,0.28,0.72,-1.17
1986-06,1.6,1.54,0.89,0.535,-0.27,27.97,0.39,-0.08,-0.19,0.23
1986-07,0.5,0.15,1.38,-0.008,-0.258,27.85,-0.35,-0.04,0.87,-0.35
1986-08,-0.6,-1.53,0.22,-0.826,-0.281,27.82,-1.49,-0.65,0.8,2.55
1986-09,-0.8,-0.95,0.22,-0.023,-0.229,27.94,-0.28,0.69,1.96,0.87
1986-10,1.1,2.2,1.0,1.425,-0.327,27.91,1.18,-0.27,1.19,1.35
1986-11,-2.0,2.27,1.77,0.926,-0.406,28.33,-0.71,-0.56,-0.05,1.54
1987-01,-1.1,-1.85,1.88,-1.148,-0.287,28.0,0.63,1.57,0.82,-0.74
1987-02,-2.1,-1.27,1.75,-1.473,-0.227,28.16,0.57,0.37,-0.03,-0.49
1987-03,-2.1,-0.26,2.1,-1.747,-0.042,28.48,0.85,0.22,0.48,0.73
1987-04,-2.3,2.03,2.16,0.387,0.02,28.61,1.54,0.48,1.85,-0.68
1987-05,-2.1,0.96,1.85,0.325,0.059,28.81,-1.02,1.77,-0.18,-0.26
1987-06,-1.8,-1.53,0.73,-0.71,0.194,28.87,0.56,1.73,-0.96,-1.09
1987-07,-2.2,0.55,2.01,-0.466,0.27,28.7,-0.43,0.6,-0.71,0.94
1987-08,-1.5,-1.19,2.83,-0.836,0.27,28.54,0.74,-0.49,-0.98,0.97
1987-09,-1.7,-1.04,2.44,0.286,0.185,28.61,-2.6,1.44,1.7,0.49
1987-10,-0.6,0.66,1.36,-0.08,0.037,28.53,0.75,0.93,-2.46,1.2
1987-11,-0.0,0.06,1.47,-0.536,-0.079,28.41,1.19,0.15,0.17,-0.67
1988-01,-0.2,0.68,0.93,0.265,-0.051,27.91,0.03,1.83,-1.09,1.13
1988-02,-0.6,0.42,1.24,-1.066,-0.126,27.41,1.37,0.3,-1.44,-0.13
1988-03,1.1,-0.58,1.42,-0.197,-0.021,27.71,0.38,0.53,-2.23,0.26
1988-04,0.2,-1.42,0.94,-0.561,0.04,27.56,1.12,-0.2,0.39,-0.63
1988-05,1.5,0.64,1.2,-0.846,0.126,27.09,0.61,-0.15,-1.03,-1.16
1988-06,0.1,1.19,0.74,0.06,0.154,26.68,1.31,-0.25,-1.14,-0.93
1988-07,1.7,-0.32,0.64,-0.143,0.098,26.45,1.6,-1.47,-0.73,0.1
1988-08,2.5,-0.07,0.19,0.255,-0.02,26.39,-0.62,0.78,0.54,0.44
1988-09,3.0,-0.82,-0.37,1.039,-0.107,26.41,-0.97,-0.83,0.39,-0.19
1988-10,2.3,-0.66,-0.1,0.032,-0.183,25.66,0.89,-0.56,0.19,0.99
1988-11,2.8,-0.49,-0.02,-0.035,-0.16,25.43,0.11,-0.96,1.19,-1.31
1989-01,2.5,0.85,-0.95,3.106,-0.234,25.35,-1.57,1.26,1.14,-1.81
1989-02,2.0,1.82,-1.02,3.279,-0.169,25.89,-1.71,0.53,-0.23,2.34
1989-03,1.8,1.54,-0.83,1.53,-0.266,26.5,-1.56,-1.98,-0.28,0.6
1989-04,2.7,0.16,-0.32,-0.25,-0.302,26.97,-0.77,-0.28,-1.11,1.29
1989-05,2.0,1.33,0.47,0.889,-0.16,27.46,-0.04,0.36,-0.04,0.45
1989-06,1.2,0.03,0.36,0.345,0.078,27.46,-0.56,-0.62,-1.2,0.09
1989-07,1.5,1.0,0.83,0.866,0.164,27.2,-0.59,0.89,-2.04,-1.23
1989-08,-0.5,-0.11,0.09,0.551,0.1,26.76,-0.27,2.52,0.05,1.32
1989-09,0.8,2.15,0.05,0.703,-0.108,27.05,0.41,0.44,-1.12,0.66
1989-10,1.3,0.48,-0.12,0.991,-0.136,27.03,-1.08,1.5,0.99,-0.0
1989-11,-0.4,0.03,-0.5,0.034,-0.163,26.88,-0.7,-0.47,0.55,-0.04
1990-01,-0.1,0.7,-0.3,1.001,-0.312,27.16,-1.09,1.37,0.18,-0.58
1990-02,-3.0,1.16,-0.65,3.402,-0.175,27.6,-2.78,0.24,-0.14,-1.86
1990-03,-0.7,1.13,-0.62,2.99,-0.192,27.74,0.04,-0.13,-0.03,0.03
1990-04,0.3,2.03,0.27,1.879,-0.131,28.28,-0.62,-0.84,-1.11,1.72
1990-05,2.0,-1.37,0.44,0.943,-0.072,28.33,0.27,0.17,2.25,0.21
1990-06,0.5,0.29,0.44,0.304,-0.07,28.05,-1.39,0.77,-0.54,0.71
1990-07,0.9,0.56,0.27,-0.296,-0.035,27.99,-0.26,0.42,0.54,0.88
1990-08,-0.3,1.12,0.11,-0.18,0.039,27.71,1.76,0.59,0.45,-0.39
1990-09,-1.2,1.18,0.38,-0.21,0.133,27.65,-0.46,0.68,0.33,0.78
1990-10,0.4,0.76,-0.69,0.66,0.099,27.69,-0.91,0.11,0.66,-0.43
1990-11,-0.8,-0.39,-1.69,0.521,-0.067,27.55,-1.66,0.59,1.24,-0.76
1991-01,1.0,0.49,-2.02,0.723,-0.209,27.75,0.2,-1.3,0.93,-0.45
1991-02,0.4,0.74,-1.19,-0.876,-0.131,27.67,1.13,-0.78,-0.67,0.31
1991-03,-1.1,-0.61,-0.74,-0.527,-0.083,27.85,-1.21,1.83,0.3,-0.38
1991-04,-1.0,0.17,-1.01,0.53,-0.147,28.46,0.38,0.7,-1.28,-0.14
1991-05,-1.7,0.12,-0.51,0.486,-0.168,28.63,-0.63,0.56,-0.81,-1.13
1991-06,-0.2,-0.52,-1.47,-0.115,-0.144,28.62,-0.92,0.63,-1.17,1.02
1991-07,0.0,-0.46,-0.1,-0.188,-0.122,28.43,0.28,-1.73,1.35,-0.58
1991-08,-0.7,1.46,0.36,0.797,-0.123,28.22,-0.28,-1.15,0.43,-0.81
1991-09,-2.5,0.61,0.65,-0.112,-0.052,27.85,1.15,-0.58,0.48,1.2
1991-10,-1.7,0.3,0.49,-0.252,-0.277,28.27,-2.35,-0.32,-0.86,1.24
1991-11,-1.1,0.37,0.42,0.285,-0.276,28.39,0.22,-0.94,-0.69,1.01
1992-01,-4.7,-0.66,0.05,0.55,-0.205,28.51,0.99,0.35,2.49,-0.17
1992-02,-1.5,0.77,0.31,1.122,-0.109,28.58,0.09,-0.81,0.92,0.7
1992-03,-3.3,0.51,0.67,0.984,-0.108,28.8,0.46,1.12,-0.7,1.28
1992-04,-1.7,1.88,0.75,-0.52,-0.199,29.18,-0.29,-0.62,0.77,1.46
1992-05,0.4,2.49,1.54,1.341,-0.237,29.15,1.2,-0.21,1.53,1.02
1992-06,-1.0,0.51,1.26,-0.302,-0.166,28.6,1.36,-0.17,1.55,-0.14
1992-07,-1.0,0.19,1.9,0.191,-0.235,28.09,0.38,1.17,1.15,1.83
1992-08,0.6,0.97,1.44,0.535,-0.396,27.58,-0.37,1.19,0.99,0.43
1992-09,0.1,-0.28,0.83,-0.64,-0.385,27.4,-1.13,-1.02,-1.4,-0.87
1992-10,-2.3,-1.4,0.93,-0.366,-0.316,27.22,0.4,0.81,1.53,0.59
1992-11,-1.1,1.12,0.93,0.717,-0.35,27.27,0.8,1.26,0.13,0.3
1993-01,-1.5,1.35,0.05,3.495,-0.256,27.52,-1.48,-0.22,0.64,-0.65
1993-02,-1.2,0.12,0.19,0.184,-0.202,27.68,0.44,0.24,1.83,2.12
1993-03,-0.8,0.3,0.76,0.764,-0.26,27.97,0.94,-0.48,0.43,0.21
1993-04,-1.9,0.91,1.21,-0.435,-0.189,28.65,1.26,-1.67,0.39,0.71
1993-05,-0.6,-0.67,2.13,-1.607,-0.18,29.03,2.43,0.96,-0.87,0.37
1993-06,-1.4,-0.29,2.34,-0.519,-0.197,28.42,0.66,0.04,0.87,1.59
1993-07,-1.3,-3.14,2.35,-0.511,-0.293,27.92,-0.28,-0.31,-0.21,0.73
1993-08,-1.6,0.03,2.69,-0.393,-0.245,27.75,-0.17,0.52,-0.33,0.66
1993-09,-1.2,-0.41,1.56,-0.361,-0.181,27.75,-0.97,-0.44,2.23,2.48
1993-10,-1.8,-0.26,1.41,-0.565,-0.259,27.61,-0.17,1.14,0.99,2.44
1993-11,-0.1,2.56,1.24,1.002,-0.335,27.62,-0.35,0.83,0.58,0.31
1994-01,-0.2,0.7,1.21,-0.288,-0.313,27.39,-0.8,0.47,-1.21,2.38
1994-02,0.4,0.08,0.59,-0.862,-0.326,27.17,-1.27,-1.16,1.14,0.47
1994-03,-1.1,0.92,0.8,1.881,-0.296,27.74,0.23,-0.22,-1.77,-1.06
1994-04,-2.1,1.1,1.05,0.225,-0.217,28.22,-0.7,-0.14,-0.82,0.98
1994-05,-1.1,-0.48,1.23,-0.115,-0.224,28.43,0.48,1.08,0.82,-0.76
1994-06,-0.7,1.84,0.46,1.606,-0.239,28.35,-1.36,0.48,-0.15,-0.14
1994-07,-2.2,1.34,0.06,0.351,-0.248,28.1,-0.06,1.11,1.69,0.9
1994-08,-2.0,0.36,-0.79,0.828,-0.252,28.0,-1.38,2.59,0.79,0.83
1994-09,-2.6,-1.14,-1.36,-0.084,-0.169,27.81,-2.02,-0.93,-0.82,0.24
1994-10,-1.9,-0.54,-1.32,0.174,-0.076,28.16,-0.09,0.46,-0.25,-0.4
1994-11,-0.9,0.54,-1.96,1.779,-0.037,28.3,-1.61,0.77,2.17,-2.04
1995-01,-0.7,0.57,-0.49,-0.154,-0.08,28.01,0.2,-0.18,-1.11,1.03
1995-02,-0.2,0.85,0.46,1.429,-0.057,28.05,0.68,-2.05,-0.6,0.05
1995-03,1.2,0.91,0.75,0.393,-0.001,28.13,0.03,-1.04,0.56,0.61
1995-04,-1.1,-1.07,0.83,-0.963,0.058,28.33,0.04,0.72,-1.18,1.13
1995-05,-0.6,-1.33,1.46,-0.891,0.254,28.3,0.09,0.91,-0.82,0.72
1995-06,0.2,0.44,1.27,-0.112,0.346,28.05,0.9,-1.32,0.15,0.02
1995-07,0.7,-0.19,1.71,-0.217,0.296,27.69,-0.74,0.83,0.99,1.11
1995-08,0.5,0.76,0.21,0.544,0.165,27.0,-0.33,-0.74,0.83,-0.92
1995-09,0.4,0.45,1.16,-0.549,0.036,26.79,1.22,0.05,-1.2,1.9
1995-10,0.0,0.72,0.47,0.075,0.084,26.64,0.11,-0.42,0.54,-0.32
1995-11,0.1,-1.59,-0.28,-0.723,0.109,26.44,-0.73,-1.76,0.52,1.07
1996-01,1.6,-0.65,0.59,-1.2,-0.028,26.49,-0.68,-0.92,-0.47,0.26
1996-02,0.4,-0.52,0.75,0.163,-0.05,26.6,-0.7,0.07,-1.29,0.27
1996-03,1.9,-0.66,1.01,-1.483,-0.075,27.11,-0.75,-0.3,-1.23,2.41
1996-04,1.3,-0.33,1.46,-1.525,-0.008,27.7,0.51,-2.12,0.72,0.07
1996-05,0.5,-0.93,2.18,-0.226,-0.083,27.93,0.37,-1.46,0.01,1.15
1996-06,1.9,0.87,1.1,0.497,-0.141,27.77,-1.18,-0.09,-0.5,-0.96
1996-07,1.1,0.7,0.77,0.715,-0.123,27.41,0.18,1.66,-0.67,-0.17
1996-08,1.2,1.19,-0.14,0.125,-0.026,27.29,-0.93,-1.18,0.88,0.92
1996-09,1.0,-0.69,0.24,-1.14,-0.02,27.1,-0.27,-1.41,1.47,-0.02
1996-10,1.0,0.15,-0.33,0.182,-0.163,27.11,-0.67,-0.78,0.14,-0.54
1996-11,-0.1,-0.72,0.09,0.136,-0.192,27.13,-0.44,0.26,-2.39,1.61
1997-01,0.8,-1.08,0.23,-0.457,-0.109,26.92,0.16,-2.31,1.68,0.22
1997-02,2.9,1.48,0.28,1.889,-0.054,27.17,0.45,-0.24,0.61,-0.03
1997-03,-0.7,1.13,0.65,1.091,-0.013,27.67,-1.56,-0.16,-0.55,-0.06
1997-04,-1.0,-1.25,1.05,0.324,-0.011,28.46,0.29,-1.04,1.52,1.7
1997-05,-2.2,-0.21,1.83,-0.961,0.021,28.89,0.77,1.21,0.73,2.43
1997-06,-2.3,-1.17,2.76,-0.815,-0.01,28.94,-0.25,-0.67,1.26,-0.56
1997-07,-1.2,0.37,2.35,-0.431,0.042,28.94,0.1,0.4,1.14,-1.32
1997-08,-2.4,0.94,2.79,0.121,-0.003,28.89,-0.55,-0.34,-0.57,-0.08
1997-09,-2.4,0.74,2.19,0.195,0.091,29.06,0.22,0.38,0.31,0.36
1997-10,-2.4,-1.34,1.61,-0.7,0.132,29.07,-0.12,-2.15,1.3,0.1
1997-11,-2.0,-1.08,1.12,-0.661,0.033,29.18,0.86,1.84,1.52,0.65
1998-01,-4.4,-0.05,0.83,-2.081,0.112,28.98,0.3,0.06,0.55,0.62
1998-02,-3.4,-0.57,1.56,-0.183,0.273,28.78,0.89,0.67,2.72,-0.33
1998-03,-4.0,0.51,2.01,-0.254,0.303,28.67,0.69,1.04,-1.11,1.31
1998-04,-2.4,-0.88,1.27,-0.038,0.273,28.56,0.85,2.32,0.55,-0.49
1998-05,0.4,-1.17,0.7,0.429,0.365,28.77,-1.87,1.88,-0.6,-1.36
1998-06,1.6,-2.44,0.4,-0.711,0.471,27.59,0.09,-0.34,-1.56,0.23
1998-07,2.0,-0.45,-0.04,-0.212,0.469,27.19,1.67,-0.4,-1.25,0.12
1998-08,1.9,-0.15,-0.22,0.65,0.494,26.75,-0.6,-0.02,0.12,-1.67
1998-09,1.7,-1.8,-1.21,-1.05,0.394,26.45,0.42,1.81,0.54,-0.52
1998-10,1.8,0.2,-1.39,0.294,0.363,26.22,0.77,1.32,-0.53,-1.27
1998-11,1.7,-0.43,-0.52,-1.449,0.298,26.24,0.7,0.34,-0.22,-0.52
1999-01,3.0,0.39,-0.32,0.11,0.032,25.49,-0.44,0.08,-0.89,-0.89
1999-02,1.6,-0.11,-0.66,0.482,0.039,25.97,-0.46,1.51,-0.57,-1.12
1999-03,2.1,-0.16,-0.33,-1.492,0.05,26.71,0.38,1.19,1.39,-0.73
1999-04,2.3,-1.18,-0.41,0.284,0.033,27.3,0.05,1.3,0.42,-0.57
1999-05,0.4,0.9,-0.68,0.226,0.144,27.4,-0.05,-0.3,1.66,-0.69
1999-06,0.4,1.44,-1.3,0.707,0.161,27.27,0.43,0.32,-0.74,-1.44
1999-07,0.9,-0.87,-0.66,-0.002,0.179,26.84,-0.92,0.26,0.8,0.34
1999-08,0.6,0.38,-0.96,-0.672,0.288,26.47,1.95,1.12,1.17,0.32
1999-09,-0.1,0.5,-1.53,0.059,0.166,26.55,0.33,0.6,-0.5,-0.44
1999-10,1.6,0.73,-2.23,-0.006,-0.002,26.44,0.62,-0.45,-0.61,-0.24
1999-11,1.7,0.55,-2.05,0.611,-0.067,26.0,0.45,1.91,-0.43,-1.33
2000-01,1.1,0.19,-2.0,1.27,-0.102,25.75,-1.7,-0.21,0.65,-0.92
2000-02,2.7,1.48,-0.83,1.076,-0.057,26.0,1.2,-0.41,0.1,-0.55
2000-03,2.2,0.4,0.29,-0.451,0.085,26.55,0.95,0.01,-1.13,-0.4
2000-04,2.0,-0.18,0.35,-0.279,0.023,27.2,-0.58,-1.3,-0.95,0.08
2000-05,0.6,1.52,-0.05,0.969,0.086,27.34,-0.16,-1.46,0.96,-0.62
2000-06,-0.3,0.28,-0.44,0.586,-0.037,27.48,-1.19,0.57,-0.34,-0.24
2000-07,-0.3,-1.0,-0.66,-0.649,0.053,27.19,-2.55,1.07,-1.64,-1.26
2000-08,1.2,-0.5,-1.19,0.144,0.084,27.14,-0.51,-0.86,1.17,0.63
2000-09,1.4,-0.06,-1.24,0.395,0.083,27.1,-1.21,0.52,1.19,0.49
2000-10,1.8,1.51,-1.3,0.317,-0.059,26.83,0.44,1.14,-1.45,-0.72
2000-11,3.0,-1.1,-0.53,-1.582,-0.072,26.71,0.7,-0.23,-0.9,0.2
2001-01,1.6,-0.22,0.6,-0.959,-0.146,26.43,1.29,0.42,-0.85,-0.9
2001-02,2.8,0.07,0.29,-0.622,-0.046,26.55,-0.51,1.57,0.12,0.26
2001-03,1.5,-1.73,0.45,-1.687,-0.005,27.22,0.39,-1.05,-0.35,-1.16
2001-04,0.3,-0.15,-0.31,0.906,-0.031,27.75,-0.7,1.1,-0.59,0.06
2001-05,-0.8,0.03,-0.3,0.452,-0.028,28.04,-0.01,-1.16,1.48,-1.42
2001-06,0.5,0.11,-0.47,-0.015,0.179,28.03,-0.89,0.41,0.48,0.55
2001-07,-0.3,-0.22,-1.31,-0.031,0.116,27.85,-0.36,-0.32,-0.62,-1.3
2001-08,-0.7,-0.22,-0.77,0.52,0.158,27.56,-0.14,-0.27,0.53,-1.17
2001-09,0.3,-0.49,-1.37,-0.707,0.267,27.39,0.04,2.28,-1.08,-0.46
2001-10,-0.1,0.25,-1.37,0.708,0.232,27.51,-0.08,-0.58,0.54,-0.04
2001-11,1.1,0.53,-1.26,0.819,0.137,27.22,1.03,0.79,-0.67,-0.33
2002-01,0.7,0.0,0.27,1.381,0.162,27.17,-0.7,-0.04,0.7,-0.11
2002-02,1.8,0.8,-0.64,1.304,0.146,27.41,-0.11,0.87,-0.56,-0.89
2002-03,-0.4,0.32,-0.43,0.902,0.125,27.83,-1.56,0.73,0.39,1.99
2002-04,-0.1,1.14,-0.32,0.748,0.008,28.29,-2.4,0.21,-0.38,0.45
2002-05,-1.4,-0.15,-0.63,0.401,-0.068,28.58,-0.56,-0.79,0.52,1.52
2002-06,-0.4,0.69,-0.35,0.573,-0.136,28.68,0.06,-0.72,0.18,-0.2
2002-07,-0.8,0.65,-0.31,0.328,-0.085,28.39,0.4,-1.06,-0.65,-0.69
2002-08,-1.6,0.36,0.6,-0.229,0.087,28.16,0.61,-1.64,0.09,-0.07
2002-09,-1.0,-0.54,0.43,-0.043,0.06,28.23,0.6,0.79,0.46,-0.4
2002-10,-0.6,-1.97,0.42,-1.488,0.092,28.31,-0.55,-2.12,0.78,1.77
2002-11,-0.7,-0.32,1.51,-1.425,0.0,28.53,1.46,-1.51,0.45,2.05
2003-01,-0.3,-0.32,2.09,-0.472,0.031,27.75,1.01,-0.14,-0.39,2.07
2003-02,-1.1,0.26,1.75,0.128,-0.032,27.94,0.68,0.17,0.87,0.94
2003-03,-0.5,-0.07,1.51,0.933,0.093,28.15,-0.36,-1.01,1.24,0.56
2003-04,-0.2,-0.34,1.18,-0.178,0.06,28.24,-0.1,1.58,0.31,0.34
2003-05,-0.5,0.06,0.89,1.017,0.132,27.91,-1.85,0.03,-0.85,-0.57
2003-06,-1.0,0.24,0.68,-0.102,0.186,28.15,-0.53,0.76,1.79,0.17
2003-07,0.5,0.16,0.96,0.075,0.257,27.98,0.73,-1.94,-0.23,-0.14
2003-08,0.2,-0.22,0.88,-0.28,0.396,27.79,-0.31,-0.9,-1.58,-1.46
2003-09,-0.2,0.16,0.01,0.467,0.432,27.63,0.59,-2.17,-1.04,-0.7
2003-10,0.0,-0.86,0.83,-0.67,0.407,27.88,1.23,-0.42,-0.58,0.85
2003-11,-0.5,0.77,0.52,0.642,0.204,27.77,-1.65,0.69,0.32,-0.11
2004-01,-2.2,-0.85,0.43,-1.686,0.191,27.6,-0.12,-1.58,-0.35,0.66
2004-02,2.0,-0.6,0.48,-1.528,0.19,27.62,1.12,0.6,0.63,-0.5
2004-03,0.7,0.67,0.61,0.318,0.138,27.68,-0.0,0.13,0.87,-1.28
2004-04,-1.5,1.11,0.57,-0.409,0.089,28.26,0.25,0.49,0.9,1.23
2004-05,1.7,0.23,0.88,-0.094,-0.014,28.37,-1.46,0.4,-0.12,1.92
2004-06,-1.4,-0.59,0.04,-0.236,0.158,28.3,-0.28,2.08,-0.06,3.36
2004-07,-0.8,1.16,0.44,-0.201,0.208,28.29,-0.33,0.34,-0.28,1.19
2004-08,-0.5,-0.74,0.85,-0.72,0.297,28.14,1.52,-0.03,-1.22,0.07
2004-09,-0.6,0.52,0.75,0.855,0.221,28.1,-0.11,0.26,-0.17,-2.21
2004-10,-0.1,-0.69,-0.11,-0.515,0.222,28.12,-1.37,0.89,-0.43,-0.71
2004-11,-1.1,0.63,-0.63,0.678,0.201,28.16,0.29,0.65,0.1,-0.26
2005-01,0.6,1.26,0.44,0.356,0.091,27.94,-0.62,-0.93,0.08,0.73
2005-02,-5.2,-0.51,0.81,-1.271,0.106,27.74,-0.11,0.34,-0.65,-0.29
2005-03,0.5,-2.32,1.36,-1.348,0.264,28.17,0.56,-0.22,0.4,0.31
2005-04,-1.0,-0.47,1.03,-0.046,0.272,28.41,1.0,-0.18,-0.02,0.81
2005-05,-1.3,-1.11,1.86,-0.763,0.273,28.51,1.62,-0.08,-1.3,0.09
2005-06,0.7,0.26,1.17,-0.383,0.307,28.3,0.42,0.79,0.36,1.43
2005-07,0.3,-0.48,0.66,-0.03,0.427,27.7,-0.02,-1.2,0.22,-1.11
2005-08,-0.6,0.35,0.25,0.026,0.42,27.56,0.69,0.35,-1.6,-0.6
2005-09,0.6,0.76,-0.46,0.802,0.399,27.48,1.32,0.57,-0.91,-1.98
2005-10,2.0,-0.55,-1.32,0.03,0.218,27.49,1.16,1.0,-0.88,-1.6
2005-11,-0.3,-0.46,-1.5,0.228,0.12,27.07,-0.74,-1.84,-1.14,0.35
2006-01,2.7,0.97,1.03,-0.171,0.104,26.48,-0.1,0.71,0.82,-1.07
2006-02,0.2,-1.02,0.66,-0.156,0.055,26.63,-0.44,2.06,-0.61,0.57
2006-03,2.9,-1.75,0.05,-1.604,0.04,26.99,-0.56,0.49,1.52,0.2
2006-04,1.8,1.2,0.4,0.138,0.177,27.88,0.2,0.56,-0.86,-1.57
2006-05,-0.8,-1.01,0.48,0.156,0.288,28.19,-1.03,0.19,-0.93,-0.31
2006-06,-0.4,1.15,1.04,1.071,0.313,28.23,-1.02,-1.15,-1.07,-0.49
2006-07,-1.0,0.93,0.35,0.103,0.354,27.98,1.29,-1.0,1.01,-0.46
2006-08,-1.7,-2.35,-0.65,-0.265,0.381,28.0,-1.45,-0.16,-0.97,0.13
2006-09,-1.0,-1.43,-0.94,0.607,0.344,28.09,0.31,0.05,0.41,0.47
2006-10,-2.1,-1.92,-0.05,-1.029,0.314,28.14,-0.76,0.67,0.5,0.97
2006-11,0.1,0.33,-0.22,0.521,0.269,28.32,-1.34,-1.84,-0.27,-0.38
2007-01,-1.3,-0.25,0.01,2.034,0.151,27.86,0.27,1.81,-0.0,-1.14
2007-02,-0.1,-0.98,0.04,-1.307,0.197,27.52,-0.42,0.15,0.74,0.93
2007-03,0.3,1.11,-0.36,1.182,0.107,27.67,-0.12,-1.06,-0.02,-1.27
2007-04,-0.2,0.04,0.16,0.544,0.139,28.01,0.97,-1.61,1.53,-0.19
2007-05,-0.2,0.66,-0.1,0.894,0.091,27.94,0.03,-0.66,0.03,-0.67
2007-06,0.9,-1.01,0.09,-0.555,0.068,28.01,-0.3,-0.17,0.11,0.0
2007-07,-0.5,-0.55,0.78,-0.397,0.109,27.49,1.65,-0.09,-0.3,0.49
2007-08,0.7,-0.31,0.5,-0.034,0.035,26.96,1.96,0.02,-1.7,-0.67
2007-09,0.3,0.85,-0.36,0.179,0.078,26.52,1.52,1.2,-0.77,-1.29
2007-10,1.2,1.0,-1.45,0.384,0.138,26.31,0.77,0.4,-1.07,-1.96
2007-11,1.4,0.48,-1.08,-0.519,0.156,25.97,0.65,-0.04,-0.5,0.68
2008-01,2.9,0.53,-1.0,0.819,0.01,25.57,-1.06,0.92,-0.64,-1.25
2008-02,4.4,0.38,-0.77,0.938,0.108,25.62,0.37,0.01,0.12,-0.4
2008-03,2.4,-0.32,-0.71,0.586,0.138,26.47,-0.61,-1.35,-0.47,-1.62
2008-04,1.1,-1.31,-1.52,-0.455,0.022,27.12,-1.18,0.28,-0.38,-0.5
2008-05,-0.1,-1.55,-1.37,-1.205,0.152,27.43,1.25,-0.66,0.71,0.21
2008-06,1.0,-1.09,-1.34,-0.09,0.236,27.48,-1.76,-0.36,0.06,-1.13
2008-07,0.5,-1.24,-1.67,-0.48,0.186,27.55,-0.51,0.02,0.53,-1.13
2008-08,1.7,-1.62,-1.7,-0.081,0.155,27.34,0.89,-1.32,-0.28,-0.36
2008-09,2.0,1.14,-1.55,-0.327,0.178,27.13,0.89,-0.83,-0.77,-0.11
2008-10,2.1,0.47,-1.76,1.676,0.082,27.11,1.11,0.19,-0.9,-1.0
2008-11,2.2,-0.47,-1.25,0.092,-0.019,26.94,1.05,0.33,-1.28,0.65
2009-01,1.8,-0.52,-1.4,0.8,-0.079,26.3,0.13,0.01,-1.33,-0.18
2009-02,3.1,-0.38,-1.55,-0.672,-0.185,26.6,-1.57,1.71,-1.17,0.32
2009-03,0.7,0.19,-1.59,0.121,-0.18,27.03,-1.29,0.22,0.18,-1.12
2009-04,1.3,-0.36,-1.65,0.973,-0.151,27.86,-0.04,0.02,1.26,0.49
2009-05,-0.2,1.61,-0.88,1.194,-0.082,28.39,-0.43,-0.67,0.21,1.31
2009-06,0.2,-0.91,-0.31,-1.351,0.101,28.57,0.48,-1.74,1.23,-0.39
2009-07,0.4,-2.11,-0.53,-1.356,0.208,28.32,0.72,1.2,0.7,1.65
2009-08,-0.3,-0.37,0.09,-0.054,0.132,28.1,0.62,0.66,-0.3,-1.39
2009-09,0.5,1.62,0.52,0.875,0.037,28.06,1.03,-1.02,-0.22,-1.02
2009-10,-2.0,-0.61,0.27,-1.54,0.144,28.35,0.64,-2.05,0.34,0.7
2009-11,-1.0,-0.16,-0.4,0.459,0.049,28.71,0.19,1.27,-0.42,-1.62
2010-01,-1.8,-1.8,0.83,-2.587,0.019,28.49,0.96,0.47,-0.55,-0.58
2010-02,-2.4,-2.69,0.82,-4.266,0.157,28.46,0.48,0.23,-1.02,-0.51
2010-03,-1.1,-1.33,0.44,-0.432,0.267,28.55,1.68,1.83,1.08,-1.63
2010-04,2.0,-0.93,0.78,-0.275,0.405,28.6,1.26,0.88,-0.67,-1.21
2010-05,1.5,-1.33,0.62,-0.919,0.439,28.18,-0.73,-2.5,-2.05,-0.15
2010-06,0.6,-0.52,-0.22,-0.013,0.427,27.65,-0.1,-0.08,-1.91,1.5
2010-07,3.0,-0.39,-1.05,0.435,0.429,26.92,0.89,-2.38,-1.42,-0.22
2010-08,3.0,-1.69,-1.27,-0.117,0.505,26.41,1.07,0.41,-0.77,-1.48
2010-09,3.7,-0.62,-1.61,-0.865,0.428,26.08,1.07,0.05,-1.08,-0.34
2010-10,2.9,-0.5,-1.06,-0.467,0.303,25.9,2.15,0.67,-0.03,-0.58
2010-11,2.1,-1.84,-0.82,-0.376,0.215,25.94,-0.81,-0.33,-0.96,0.27
2011-01,3.8,-1.53,-0.92,-1.683,0.123,25.77,1.0,-1.37,-0.38,-0.42
2011-02,4.5,0.35,-0.83,1.575,0.087,26.18,-2.41,-0.13,0.58,-0.12
2011-03,4.2,0.24,-0.69,1.424,0.034,26.82,0.38,-0.1,0.08,-0.03
2011-04,3.1,2.55,-0.42,2.275,0.071,27.37,-1.78,-1.93,1.23,-0.63
2011-05,0.6,-0.01,-0.37,-0.035,0.131,27.72,0.25,0.38,-1.52,-1.18
2011-06,0.4,-0.98,-0.69,-0.858,0.157,27.82,0.35,0.81,-0.33,-0.48
2011-07,1.6,-1.48,-1.86,-0.472,0.071,27.54,-0.75,-0.27,-0.79,-2.23
2011-08,0.7,-1.85,-1.74,-1.063,0.126,26.93,1.4,-0.51,0.97,-0.67
2011-09,1.7,0.67,-1.79,0.665,0.123,26.73,-0.39,0.51,-0.29,-0.53
2011-10,1.2,0.94,-1.34,0.8,0.042,26.48,0.86,1.06,0.12,-0.81
2011-11,1.8,1.3,-2.33,1.459,-0.092,26.4,-0.76,0.39,2.08,-1.34
2012-01,1.8,0.86,-1.38,-0.22,-0.086,26.26,0.13,-1.58,-0.46,-1.92
2012-02,0.8,0.03,-0.85,-0.036,-0.017,26.61,0.7,1.01,-0.64,-0.33
2012-03,1.2,0.93,-1.05,1.037,0.005,27.08,-0.19,0.82,1.35,-2.59
2012-04,-0.4,0.37,-0.27,-0.035,0.059,27.72,-0.09,-0.29,-1.59,0.31
2012-05,0.1,-0.79,-1.26,0.168,0.143,27.97,-0.29,-1.66,-0.47,-1.46
2012-06,-0.7,-2.25,-0.87,-0.672,0.279,28.08,-0.42,-1.39,0.01,-0.95
2012-07,-0.1,-1.29,-1.52,0.168,0.354,27.95,-0.57,0.58,-1.43,-1.01
2012-08,-0.3,-1.39,-1.93,0.014,0.41,27.94,-0.2,-0.07,1.15,0.63
2012-09,0.4,-0.43,-2.21,0.772,0.427,27.72,-0.39,0.69,-0.49,0.16
2012-10,0.5,-1.73,-0.79,-1.514,0.308,27.64,-1.13,-2.53,-1.01,0.58
2012-11,0.4,-0.74,-0.59,-0.111,0.144,27.66,-1.06,-2.02,-0.59,0.12
2013-01,-0.1,-0.11,-0.13,-0.61,0.107,26.86,0.05,0.07,0.46,0.12
2013-02,-0.4,-0.96,-0.43,-1.007,0.094,26.89,0.3,1.49,-1.28,-0.88
2013-03,2.5,-2.09,-0.63,-3.185,0.137,27.38,-0.26,0.59,2.31,0.7
2013-04,0.4,0.6,-0.16,0.322,0.115,27.92,-1.76,-1.86,-0.4,1.24
2013-05,1.3,0.58,0.08,0.494,0.08,27.93,-0.24,-1.13,-2.06,-0.26
2013-06,2.0,0.83,-0.78,0.549,0.025,27.75,-0.35,-0.47,-2.3,1.68
2013-07,1.3,0.7,-1.25,-0.011,0.169,27.49,-0.71,-0.88,-0.17,0.93
2013-08,0.3,1.12,-1.04,0.154,0.173,27.15,-0.06,-0.17,-1.94,-1.09
2013-09,0.5,0.38,-0.48,-0.461,0.233,27.32,0.41,1.93,-0.58,-1.44
2013-10,-0.1,-0.88,-0.87,0.263,0.325,27.23,-0.21,-0.09,0.63,0.99
2013-11,1.2,0.81,-0.11,2.029,0.107,27.45,-1.14,-0.04,-0.88,1.16
2014-01,2.4,-0.17,0.3,-0.969,-0.083,26.92,0.59,0.54,-1.32,1.11
2014-02,0.1,1.07,0.38,0.044,-0.064,27.02,-1.57,-1.37,-1.93,0.31
2014-03,-1.5,0.44,0.97,1.206,-0.103,27.73,-0.5,-0.43,-0.11,1.24
2014-04,1.3,0.19,1.13,0.972,-0.116,28.45,-0.0,-1.36,1.23,0.05
2014-05,0.9,-0.8,1.8,0.464,-0.023,28.71,-0.59,-0.85,-1.45,0.77
2014-06,0.3,-0.67,0.82,-0.507,0.04,28.44,-1.44,-0.3,0.03,-0.69
2014-07,-0.3,0.21,0.7,-0.489,0.2,27.85,0.5,-1.63,-0.31,0.33
2014-08,-1.2,-2.28,0.67,-0.371,0.313,27.64,1.35,-0.77,-1.69,-1.03
2014-09,-1.2,1.72,1.08,0.102,0.288,27.73,0.78,-1.23,0.47,0.2
2014-10,-1.0,-0.87,1.49,-1.134,0.27,27.83,1.14,-0.32,-0.37,-0.66
2014-11,-1.5,0.58,1.72,-0.53,0.043,28.16,0.64,0.13,1.28,3.21
2015-01,-1.4,1.57,2.45,1.092,-0.03,27.8,0.14,-0.22,-0.24,1.27
2015-02,0.4,1.05,2.3,1.043,-0.026,27.92,0.49,-1.37,-0.92,1.18
2015-03,-1.2,1.12,2.0,1.837,-0.151,28.35,-0.52,0.41,0.27,1.13
2015-04,-0.1,0.64,1.44,1.216,-0.093,29.09,-0.39,1.23,1.12,-0.35
2015-05,-1.2,0.19,1.2,0.763,0.023,29.28,-0.05,2.14,-1.5,0.49
2015-06,-0.9,0.24,1.54,0.427,0.007,29.26,-0.07,-0.03,-0.78,1.72
2015-07,-1.9,-3.14,1.84,-1.108,0.11,29.07,0.29,0.77,2.01,0.23
2015-08,-2.4,-1.1,1.56,-0.689,0.156,28.98,0.05,-1.5,-0.37,-0.28
2015-09,-2.7,-0.49,1.94,-0.165,0.278,29.1,-0.8,-1.38,-1.67,-1.38
2015-10,-2.8,0.99,1.47,-0.25,0.302,29.3,2.12,-0.75,0.59,0.33
2015-11,-0.8,1.7,0.86,1.945,0.164,29.54,-0.2,0.77,0.56,-0.94
2016-01,-3.6,-0.37,1.53,-1.449,0.209,29.3,1.94,0.96,-0.5,-0.35
2016-02,-3.2,1.35,1.75,-0.024,0.133,29.12,1.68,1.61,-2.39,0.23
2016-03,-0.1,0.37,2.4,0.28,0.166,29.11,0.41,-0.2,0.26,0.24
2016-04,-2.0,0.26,2.62,-1.051,0.155,29.1,0.6,-0.26,-0.5,1.47
2016-05,0.7,-0.67,2.35,-0.036,0.322,28.81,-0.85,0.62,-1.99,0.14
2016-06,1.1,-0.13,2.03,0.313,0.387,28.4,-0.64,-0.62,-1.85,1.26
2016-07,0.7,-1.72,1.25,0.085,0.41,27.73,0.53,-1.42,-1.01,-0.36
2016-08,1.2,-2.24,0.52,0.472,0.434,27.39,-0.91,-0.37,-3.3,-0.42
2016-09,2.0,0.74,0.45,0.781,0.435,27.22,0.11,-1.75,0.13,-1.41
2016-10,-0.4,0.96,0.56,-1.917,0.358,27.0,1.53,0.54,-1.33,-0.84
2016-11,-0.2,-0.31,1.88,-0.611,0.368,26.95,1.44,1.01,-0.93,-1.43
2017-01,0.3,0.05,0.77,0.942,0.203,26.94,-0.29,0.55,0.63,0.39
2017-02,-0.1,0.69,0.7,0.34,0.204,27.48,-0.05,-0.15,1.14,0.21
2017-03,1.5,0.37,0.74,1.365,0.145,27.79,-0.03,-2.13,-1.02,-1.04
2017-04,-0.3,1.74,1.12,-0.089,0.26,28.36,0.14,-0.36,0.71,1.04
2017-05,0.4,-1.72,0.88,-0.73,0.292,28.58,-0.19,0.68,1.48,-0.72
2017-06,-0.7,0.35,0.79,0.402,0.285,28.48,1.18,-0.75,0.34,0.5
2017-07,1.3,1.28,0.1,0.634,0.28,28.1,1.33,0.46,-0.58,0.0
2017-08,0.9,-1.53,0.09,0.15,0.287,27.54,0.2,-1.38,-2.93,-1.65
2017-09,1.0,-0.45,0.32,-0.492,0.328,27.23,-0.32,-1.23,-2.52,-0.46
2017-10,1.5,0.71,0.05,0.69,0.411,27.26,-0.28,0.7,-0.02,-0.58
2017-11,1.5,-0.14,0.15,-0.078,0.329,26.88,-1.98,0.7,-1.21,0.41
2018-01,1.8,1.17,0.7,-0.281,0.15,26.53,-0.14,0.43,-1.62,0.66
2018-02,-0.8,1.34,0.37,0.113,0.04,26.78,-1.67,0.4,-1.4,0.23
2018-03,2.4,-1.38,-0.05,-0.941,0.109,27.12,-1.16,0.84,4.03,0.3
2018-04,0.8,1.2,0.11,0.544,0.041,27.9,-1.12,-0.67,0.49,-0.18
2018-05,0.6,2.02,0.11,1.18,-0.023,28.35,-1.09,-0.19,-1.45,-0.98
2018-06,-0.2,1.41,-0.04,0.38,-0.034,28.34,0.66,-0.44,-0.24,0.05
2018-07,0.4,1.42,0.11,0.612,-0.005,28.12,-0.76,-0.81,-2.16,-0.16
2018-08,-0.5,2.4,0.18,0.836,0.09,27.84,1.24,-1.38,-0.47,-0.78
2018-09,-1.5,1.78,0.09,0.585,0.139,27.93,1.16,-1.78,-1.76,-0.83
2018-10,0.6,1.53,0.26,0.413,0.121,28.39,0.39,-1.14,0.36,1.17
2018-11,-0.1,-0.25,-0.05,-1.116,-0.143,28.48,0.22,-0.61,1.51,1.42
2019-01,-0.1,0.18,0.66,-0.713,-0.037,28.05,0.42,1.05,0.72,1.07
2019-02,-2.3,-0.11,0.46,1.149,0.058,28.13,-1.73,2.09,0.45,1.2
2019-03,-0.5,0.89,0.37,2.116,0.099,28.53,-0.05,0.88,-1.15,2.11
2019-04,0.2,0.36,1.07,-0.255,0.101,28.83,-0.84,-1.3,0.82,0.67
2019-05,-0.7,-2.38,1.03,-1.231,0.065,29.01,-0.17,-0.63,-0.7,0.32
2019-06,-0.7,-0.79,1.09,-0.601,0.151,28.83,0.24,-1.92,0.3,1.74
2019-07,-0.6,-1.39,1.03,-0.89,0.329,28.37,0.62,-0.27,1.02,0.1
2019-08,-0.2,-1.62,0.38,-0.722,0.315,27.84,1.16,-2.19,-1.68,-1.18
2019-09,-1.9,-0.01,0.41,0.306,0.223,27.61,1.62,0.86,0.79,-1.5
2019-10,-0.6,-1.03,-0.45,-0.082,0.136,28.16,-0.97,-0.81,-0.52,-0.47
2019-11,-1.4,0.16,0.15,-1.193,0.087,28.14,-0.07,-0.12,-0.59,1.93
2020-01,0.3,1.05,-0.23,2.419,0.073,28.01,-0.95,0.69,0.66,-0.6
2020-02,-0.1,0.98,-0.68,3.417,0.333,27.93,-0.07,1.46,-0.06,-1.79
2020-03,-0.2,0.66,-0.82,2.641,0.346,28.26,-2.41,1.29,0.57,0.44
2020-04,0.3,-1.26,-0.57,0.928,0.347,28.67,-1.38,-1.34,1.82,1.54
2020-05,0.7,-0.33,0.09,-0.027,0.243,28.22,0.27,0.12,-0.55,0.04
2020-06,-0.6,0.16,-0.08,-0.122,0.249,27.98,0.86,-1.25,-2.01,-0.69
2020-07,0.7,-1.19,-0.38,-0.412,0.341,27.8,1.2,-0.54,-0.68,-1.97
2020-08,1.8,0.03,-0.28,-0.381,0.425,27.2,1.8,-0.21,0.64,-2.39
2020-09,1.5,1.11,-0.7,0.631,0.296,26.77,0.59,-2.44,-0.94,0.06
2020-10,0.8,-0.2,-0.69,-0.072,0.289,26.48,-1.08,-1.18,-1.82,0.57
2020-11,1.1,2.54,-1.12,2.086,0.113,26.44,0.21,0.72,0.08,-0.66
2021-01,3.2,-1.8,-0.16,-2.484,0.126,26.05,-0.41,2.45,-1.34,-0.71
2021-02,2.5,-0.29,-0.54,-1.191,0.139,26.25,-0.71,0.76,0.83,-0.8
2021-03,0.6,0.36,-1.17,2.109,0.112,26.97,-1.24,2.05,2.98,-1.29
2021-04,0.6,-1.69,-0.91,-0.204,0.054,27.54,-1.26,-0.12,-0.43,0.8
2021-05,0.8,-1.1,-0.94,-0.161,0.072,27.93,-1.1,0.18,-1.22,0.0
2021-06,0.7,1.08,-1.18,0.845,0.139,28.0,0.82,-0.82,-1.77,-0.26
2021-07,2.3,0.06,-1.87,0.63,0.21,27.54,0.11,-0.44,-0.49,-1.28
2021-08,1.0,-0.49,-1.12,-0.209,0.245,27.13,0.93,-1.94,-2.37,-1.82
2021-09,1.3,-0.06,-1.53,-0.252,0.402,26.94,0.33,-0.65,0.53,-1.89
2021-10,1.2,-1.98,-2.55,-0.146,0.475,26.64,1.41,1.74,-0.62,-2.42
2021-11,1.6,-0.33,-2.52,0.093,0.445,26.63,0.68,-0.15,0.01,0.34
2022-01,0.8,0.74,-1.24,0.848,0.176,26.61,0.65,-1.44,1.11,0.51
2022-02,1.8,1.46,-1.08,1.544,0.133,26.71,0.58,-0.39,-0.92,-0.9
2022-03,2.9,0.4,-1.0,0.305,0.009,26.94,-0.16,0.58,1.41,0.35
2022-04,2.8,-0.54,-1.51,-0.603,0.11,27.27,-0.96,0.31,-0.09,-0.73
2022-05,2.4,0.71,-1.92,1.224,0.197,27.4,-0.64,-1.38,0.9,-0.34
2022-06,2.8,0.19,-1.21,-0.074,0.199,27.51,-0.22,-1.66,-0.51,-0.04
2022-07,1.3,-0.06,-2.86,0.025,0.136,27.22,1.96,-0.52,-1.17,-1.64
2022-08,1.7,1.76,-1.92,-0.17,0.358,26.69,0.76,-0.41,-3.43,-1.11
2022-09,2.7,-1.42,-1.82,-0.655,0.662,26.5,0.13,1.82,-1.05,-0.81
2022-10,2.8,-0.27,-1.51,1.346,0.483,26.56,0.35,1.04,-0.74,-0.06
2022-11,0.5,0.59,-2.12,0.339,0.282,26.59,-0.71,0.34,0.8,0.42
2023-01,2.3,0.95,-0.92,-0.674,0.192,26.6,-0.37,1.99,-0.61,1.36
