lambda_0,window_id,reported_cefi,reported_q_star,q1_feasible_cefi,absolute_witness_gap
0.0001,0,0.49881812247494745,1,0.5836089690772459,0.08479084660229846
0.0001,1,0.2730095291426563,1,0.283834111776771,0.010824582634114677
0.0001,2,0.16755701914952414,1,0.2413425559374751,0.07378553678795097
0.0001,3,0.21331652511088733,1,0.2220095222783079,0.008692997167420558
0.0001,4,0.1152474344319233,1,0.17048365714129055,0.05523622270936725
0.0001,5,0.08778454508576707,2,0.21211538705703714,0.12433084197127008
0.0001,6,0.18811994184271827,2,0.2591437951416852,0.0710238532989669
0.0001,7,0.14968453330267864,1,0.17236784199849223,0.022683308695813587
0.0001,8,0.23529162351327332,1,0.27909477802175714,0.04380315450848382
0.0001,9,0.31808924447470127,3,0.45350720910046544,0.13541796462576416
0.0001,10,0.21703740260531695,5,0.3257539695617045,0.10871656695638754
0.0001,11,0.25988158123372807,1,0.2835869733810592,0.02370539214733114
0.0001,12,0.18462256124586648,4,0.23627846224989188,0.051655901004025395
0.0001,13,0.2540788984680141,1,0.27039854304035293,0.01631964457233881
0.0001,14,0.1602299671336175,2,0.17193907352742835,0.011709106393810842
0.0001,15,0.43824250386586594,1,0.511780839067798,0.07353833520193209
0.0001,16,0.26069181703317623,2,0.2870615180653808,0.026369701032204595
0.0001,17,0.15785918720131561,1,0.18852751133392384,0.030668324132608227
0.001,0,0.4334369523537702,1,0.5740174898158121,0.1405805374620419
0.001,1,0.26839942894601054,1,0.279581091670966,0.011181662724955466
0.001,2,0.16373391758232228,1,0.23952169728964148,0.0757877797073192
0.001,3,0.21001126812820736,1,0.21918696761796674,0.009175699489759381
0.001,4,0.1110997622982411,3,0.16817199398428845,0.057072231686047345
0.001,5,0.08502319194916516,2,0.20997270592111902,0.12494951397195386
0.001,6,0.18517240336325547,2,0.2561436094467152,0.07097120608345975
0.001,7,0.14657741171152677,1,0.16975073847475203,0.023173326763225255
0.001,8,0.2288161386082141,1,0.275646407335482,0.04683026872726792
0.001,9,0.2805185382516525,3,0.4386256360788483,0.15810709782719579
0.001,10,0.2513359839618575,1,0.3167109859177787,0.06537500195592116
0.001,11,0.24206367758048952,1,0.2780822538247306,0.036018576244241096
0.001,12,0.18069429759616393,4,0.2314586260937078,0.050764328497543865
0.001,13,0.24894408968397505,1,0.2656041160806225,0.01666002639664746
0.001,14,0.15645704332352597,2,0.17022580058188844,0.013768757258362463
0.001,15,0.4424305077917904,1,0.4943037568906977,0.05187324909890734
0.001,16,0.24863338282483038,2,0.2741407715249595,0.02550738870012914
0.001,17,0.1540677629273473,1,0.18466063543216632,0.030592872504819013
0.01,0,0.45732717820569563,1,0.4885516672009123,0.03122448899521668
0.01,1,0.2274948747777899,1,0.24161334426355824,0.014118469485768337
0.01,2,0.12596299592485605,1,0.2222726887602724,0.09630969283541635
0.01,3,0.17858159910804722,1,0.19349333356250148,0.014911734454454262
0.01,4,0.08407886843537171,3,0.14718285433343645,0.06310398589806474
0.01,5,0.06502986390973124,5,0.1901561341718046,0.12512627026207335
0.01,6,0.15596915362952862,2,0.2289334383008505,0.07296428467132188
0.01,7,0.11912936550939009,1,0.14674872401237787,0.027619358502987787
0.01,8,0.20669847470849198,1,0.24506741711729293,0.038368942408800955
0.01,9,0.22748389509803157,1,0.3258038414146336,0.09831994631660201
0.01,10,0.16742630684593665,1,0.2534787193795621,0.08605241253362547
0.01,11,0.20052202133321875,1,0.23308686030603956,0.03256483897282081
0.01,12,0.14274162147116823,4,0.19108327501467262,0.04834165354350439
0.01,13,0.20392291065594095,1,0.22438021302141445,0.020457302365473495
0.01,14,0.1302164668153204,1,0.15527675655390183,0.02506028973858143
0.01,15,0.32780254243923307,2,0.37900939674552686,0.05120685430629379
0.01,16,0.15262033590982624,3,0.1824450096443989,0.02982467373457265
0.01,17,0.12193097369329747,1,0.1527011507497376,0.03077017705644014
0.1,0,0.14284999214590285,1,0.1672818253631899,0.024431833217287036
0.1,1,0.06286518618505324,1,0.1060016740244413,0.04313648783938806
0.1,2,0.021003753819263928,3,0.11542041452347393,0.09441666070421001
0.1,3,0.012035993516002166,1,0.07231088884043159,0.06027489532442942
0.1,4,0.010564184487868528,13,0.06005551027966713,0.0494913257917986
0.1,5,0.014395336478434398,9,0.08582743056506258,0.07143209408662818
0.1,6,0.01067137550351542,5,0.09097163250342859,0.08030025699991317
0.1,7,0.006702654034630426,4,0.057327132500550645,0.05062447846592022
0.1,8,0.02519797636857509,2,0.10728624725078836,0.08208827088221327
0.1,9,0.02079712586375751,2,0.08873184266671377,0.06793471680295626
0.1,10,0.005687762486817072,18,0.0790283525623088,0.07334059007549174
0.1,11,0.015102174803735012,3,0.07938489513683908,0.06428272033310406
0.1,12,0.007634197064493267,11,0.06456285219031628,0.05692865512582301
0.1,13,0.013017792454263537,1,0.0740084537397338,0.06099066128547027
0.1,14,0.016710560002124113,7,0.08536981351307413,0.06865925351095001
0.1,15,0.06317857924049382,1,0.1034968460926707,0.040318266852176876
0.1,16,0.004955648760434722,18,0.0515960392907037,0.04664039053026898
0.1,17,0.006721557790131227,14,0.054996022785666024,0.048274464995534797
0.2,0,0.02797537096744935,3,0.1072517724344019,0.07927640146695256
0.2,1,0.002190000692651649,18,0.0703813444353957,0.06819134374274405
0.2,2,0.0023528666332125955,23,0.06541253514826562,0.06305966851505301
0.2,3,0.0013462406085952075,21,0.037208861290444754,0.03586262068184955
0.2,4,0.0008439246559207719,22,0.03311396298023498,0.03227003832431421
0.2,5,0.0011282567523839618,23,0.048619307790799954,0.04749105103841599
0.2,6,0.0006873785780804262,27,0.04266580116301366,0.041978422584933235
0.2,7,0.00079781358609117,28,0.029771846392672073,0.028974032806580903
0.2,8,0.0009627179967471519,15,0.059052558960803365,0.058089840964056214
0.2,9,0.0010327699143718658,27,0.04508594586947539,0.044053175955103524
0.2,10,0.00037642752508334695,22,0.03707407419065151,0.03669764666556816
0.2,11,0.0009062933648975868,27,0.039361221237552965,0.03845492787265538
0.2,12,0.0005344353678556971,27,0.03220448471747795,0.031670049349622253
0.2,13,0.0011369274628342044,27,0.03753401166927942,0.03639708420644522
0.2,14,0.0014375211458177786,24,0.053914125211975875,0.052476604066158096
0.2,15,0.014925342983737974,6,0.05574474832026137,0.040819405336523396
0.2,16,0.0007719522401932466,25,0.029473306797709438,0.02870135455751619
0.2,17,0.0004362257672155083,25,0.029832312968472448,0.02939608720125694
0.3,0,0.007338282357052368,3,0.07811516491747039,0.07077688256041803
0.3,1,0.0003078965130646552,24,0.05158334652131054,0.05127545000824588
0.3,2,0.0008725534647701892,23,0.04201378531747615,0.04114123185270596
0.3,3,0.00022437247175520134,27,0.024695736418268884,0.024471363946513683
0.3,4,0.00020760904157202456,29,0.021997889943506977,0.021790280901934952
0.3,5,6.597504697489209e-05,28,0.03331577309880664,0.03324979805183175
0.3,6,0.0002920794781486602,29,0.0267562756844668,0.02646419620631814
0.3,7,0.000282993933029458,28,0.01910752683564484,0.018824532902615383
0.3,8,0.00014223736570547277,28,0.037894145885857114,0.037751908520151645
0.3,9,0.0001443673407280771,27,0.027847141357424478,0.0277027740166964
0.3,10,0.00013742865090370093,29,0.021791533070815737,0.021654104419912036
0.3,11,0.0001809915886917049,27,0.0233901534343009,0.023209161845609196
0.3,12,0.00011960442643002209,27,0.019174959942372817,0.019055355515942795
0.3,13,0.00040208286530737936,27,0.02354512332683149,0.02314304046152411
0.3,14,0.000286001841122166,24,0.03737279921153286,0.03708679737041069
0.3,15,0.0038482291277068953,16,0.04304242535611037,0.03919419622840348
0.3,16,0.00016216787204392444,28,0.01959769531725032,0.019435527445206397
0.3,17,0.00017268287284628175,29,0.018855419452650384,0.018682736579804102
0.5,0,0.0001899978302917736,23,0.04872431216017521,0.048534314329883435
0.5,1,-3.210547209819489e-05,28,0.032878225978079045,0.032910331450177244
0.5,2,0.00015821455371382506,28,0.025779176329534435,0.02562096177582061
0.5,3,9.934977026922545e-06,29,0.014081667214221898,0.014071732237194975
0.5,4,-7.382751174511704e-06,29,0.011919682321193174,0.011927065072367685
0.5,5,-0.00010363806707389817,29,0.01930985132365025,0.019413489390724147
0.5,6,0.00016095807226590257,29,0.015992462594964195,0.01583150452269829
0.5,7,-8.856735381540005e-05,28,0.010192135739669973,0.010280703093485373
0.5,8,1.127267687283523e-05,29,0.019807321354493545,0.01979604867762071
0.5,9,-5.09909391967385e-06,28,0.014216833139289342,0.014221932233209016
0.5,10,5.2435369435742396e-05,29,0.010252586695968742,0.010200151326533
0.5,11,2.0971921002385305e-05,29,0.010898245797157813,0.010877273876155428
0.5,12,8.602747965044504e-05,28,0.008827082906825722,0.008741055427175277
0.5,13,4.619903523439897e-05,29,0.012540661006988014,0.012494461971753615
0.5,14,0.00013289732413914596,29,0.021012989635807718,0.020880092311668572
0.5,15,0.0024954884981536786,16,0.03034593606560382,0.027850447567450143
0.5,16,-7.351523578403782e-06,28,0.01077200895702474,0.010779360480603144
0.5,17,4.932739840198333e-05,29,0.009918643657012123,0.00986931625861014
1.0,0,0.00018343323566921092,22,0.0222924435695995,0.02210901033393029
1.0,1,-5.996385477240185e-05,28,0.018602662935225743,0.018662626789998145
1.0,2,9.782684025291637e-05,28,0.014228061224680092,0.014130234384427176
1.0,3,-3.9104924530450336e-05,29,0.007222953588359656,0.007262058512890106
1.0,4,-2.9439108898658348e-05,29,0.006915120786658087,0.006944559895556745
1.0,5,-4.2343379701593326e-05,29,0.0077929696420329835,0.007835313021734576
1.0,6,5.86477341894499e-05,29,0.006444420415422118,0.006385772681232668
1.0,7,-4.375692825484435e-05,29,0.004194224119885881,0.004237981048140725
1.0,8,1.2462174315610967e-05,29,0.007153223498223168,0.007140761323907557
1.0,9,9.086151216677364e-06,27,0.005310328535212013,0.005301242383995336
1.0,10,1.2889531343201945e-05,29,0.003489016469356502,0.0034761269380133002
1.0,11,1.6977448216652646e-05,29,0.0040553663901023405,0.004038388941885688
1.0,12,5.18790327236375e-05,28,0.0025441136506431762,0.0024922346179195387
1.0,13,2.3795446525120764e-05,29,0.004953077022044757,0.004929281575519636
1.0,14,6.954544362389355e-05,29,0.007851270697684615,0.007781725254060722
1.0,15,0.002075338351771894,4,0.017079667203235525,0.015004328851463631
1.0,16,3.052269649532046e-05,24,0.00413659671895239,0.0041060740224570695
1.0,17,4.236858804566e-05,26,0.004239707308633278,0.004197338720587618
2.0,0,0.0001444044705103168,22,0.008655829692922563,0.008511425222412246
2.0,1,6.077792716742631e-05,25,0.009668226181410174,0.009607448254242748
2.0,2,5.6848690615768534e-05,28,0.007058214544414139,0.00700136585379837
2.0,3,-2.0709386048641237e-05,29,0.0030728098391419917,0.003093519225190633
2.0,4,2.237798651976439e-05,26,0.003955672061032504,0.00393329407451274
2.0,5,-1.818933168214361e-05,29,0.0025713062855309944,0.002589495617213138
2.0,6,1.9678563143774638e-05,29,0.002109286197575955,0.0020896076344321802
2.0,7,-1.0279871617450281e-05,29,0.001546518203872793,0.0015567980754902433
2.0,8,8.735920029405257e-06,29,0.0022126495934835805,0.0022039136734541753
2.0,9,1.7893257361623494e-05,27,0.0017286484406113208,0.0017107551832496973
2.0,10,1.1366528346667699e-05,27,0.0012515679070320474,0.0012402013786853797
2.0,11,9.18460659502028e-06,29,0.0013656137110721407,0.0013564291044771205
2.0,12,2.6737904574845135e-05,27,0.0007072270043578873,0.0006804890997830421
2.0,13,1.1559118951940273e-05,29,0.001668298821197567,0.0016567397022456266
2.0,14,2.938606698669891e-05,29,0.002395522415901515,0.002366136348914816
2.0,15,0.0016825199050998071,4,0.007996931234609969,0.006314411329510162
2.0,16,1.9592162745496466e-05,24,0.001335167699363815,0.0013155755366183186
2.0,17,3.902174119744281e-05,23,0.0017354836934668624,0.0016964619522694196
3.0,0,0.00031617660820965434,5,0.004647109309651635,0.004330932701441981
3.0,1,0.00023729130650001692,10,0.0059349504770389435,0.005697659170538927
3.0,2,0.00011677214299794488,12,0.004368579309639327,0.004251807166641383
3.0,3,6.451608213448403e-05,6,0.0016926017782423605,0.0016280856961078765
3.0,4,2.9344094536644947e-05,26,0.002555262903889647,0.0025259188093530024
3.0,5,-6.197939467357744e-06,28,0.0018002904273306975,0.0018064883667980552
3.0,6,1.3755539374926727e-05,28,0.0010049461719290776,0.0009911906325541509
3.0,7,-3.20565120559297e-06,29,0.0007951389241386646,0.0007983445753442576
3.0,8,5.810581573988593e-06,29,0.0010223047959511788,0.0010164942143771902
3.0,9,7.820368431641354e-05,8,0.0008197446350358461,0.0007415409507194326
3.0,10,1.3464690897725022e-05,25,0.000638679681621864,0.0006252149907241389
3.0,11,5.8816545587846766e-06,29,0.0006457187544362716,0.0006398370998774869
3.0,12,1.8363600820184376e-05,27,0.0004425975923441072,0.00042423399152392285
3.0,13,7.453964538539138e-06,29,0.0008030502802807741,0.000795596315742235
3.0,14,1.7158681827127284e-05,28,0.0011111165327905089,0.0010939578509633816
3.0,15,0.0012246467252150358,4,0.0046544474948097955,0.0034298007695947597
3.0,16,9.558584956200346e-06,24,0.0006322187731242342,0.0006226601881680338
3.0,17,5.990785926810892e-05,14,0.0009820344976345947,0.0009221266383664858
5.0,0,0.00040280705732982365,5,0.0020056911974155158,0.0016028841400856921
5.0,1,0.00025933068166494877,10,0.0028516269959906635,0.0025922963143257148
5.0,2,0.0001692203513462922,12,0.0022302323025081465,0.0020610119511618543
5.0,3,0.00012941474482867465,6,0.0007211379876291465,0.0005917232428004718
5.0,4,8.790787440903598e-05,6,0.001316433110955521,0.001228525236546485
5.0,5,5.344268854775257e-06,6,0.001023499494794322,0.0010181552259395468
5.0,6,2.1982129964233854e-05,20,0.0003502378327121155,0.00032825570274788165
5.0,7,-1.598006716663474e-07,29,0.00037771996114871107,0.0003778797618203774
5.0,8,3.087547653631028e-06,29,0.00033975694648334567,0.00033666939882971464
5.0,9,0.0001382239570659749,8,0.00029679113199243545,0.00015856717492646055
5.0,10,4.511801834610195e-05,8,0.0002431955012863085,0.00019807748294020655
5.0,11,1.0862517365198743e-05,23,0.00021715430215204872,0.00020629178478684997
5.0,12,1.0881634587069382e-05,26,0.0002167998067690746,0.00020591817218200523
5.0,13,1.6282523328352066e-05,19,0.00028865971156400626,0.0002723771882356542
5.0,14,7.79586540615928e-06,28,0.0003955946060421193,0.00038779874063596
5.0,15,0.0007336594899227222,4,0.0025376994364496143,0.0018040399465268921
5.0,16,2.5114851460728005e-06,24,0.00022290443169511082,0.00022039294654903802
5.0,17,5.089510892798357e-05,14,0.0004508022604235625,0.0003999071514955789
10.0,0,0.00030651924749562913,5,0.0006146542499543273,0.00030813500245869814
10.0,1,0.00016019179013397887,10,0.0008775390245288506,0.0007173472343948717
10.0,2,0.00024298684983490302,2,0.000831036693250553,0.00058804984341565
10.0,3,9.522258148564336e-05,6,0.00019042944926391434,9.520686777827098e-05
10.0,4,7.549364216821172e-05,6,0.000455707546204002,0.0003802139040357903
10.0,5,4.1447186718220487e-05,6,0.00038250783875390935,0.00034106065203568886
10.0,6,3.86786155374352e-05,10,5.4312436149217536e-05,1.5633820611782334e-05
10.0,7,2.479868825133719e-06,20,0.0001462110077195433,0.0001437311388944096
10.0,8,1.1814708059070921e-06,29,4.660623296188032e-05,4.5424762155973225e-05
10.0,9,0.00012381592834727803,8,7.379768867451139e-05,-5.001823967276664e-05
10.0,10,5.413362166576027e-05,8,5.303702586359668e-05,-1.0965958021635913e-06
10.0,11,1.687492103530296e-05,11,2.908937773285676e-05,1.22144566975538e-05
10.0,12,5.778449343770618e-06,26,6.373936224601806e-05,5.796091290224744e-05
10.0,13,2.9048117699264557e-05,9,5.975230914382715e-05,3.070419144456259e-05
10.0,14,1.9745591043287983e-06,28,8.576524198330068e-05,8.379068287897188e-05
10.0,15,0.0003279324285842359,4,0.001095586514577344,0.0007676540859931081
10.0,16,2.4056893322977604e-07,29,4.2791990289122356e-05,4.255142135589258e-05
10.0,17,2.1856863019361787e-05,14,0.00015746144458566035,0.00013560458156629856
